model,order,level,success_rate,time_avg,time_var,steps,mean_f1_agent_0,mean_similarity_agent_0,mean_redundancy_agent_0,std_f1_agent_0,std_similarity_agent_0,std_redundancy_agent_0,mean_f1_agent_1,mean_similarity_agent_1,mean_redundancy_agent_1,std_f1_agent_1,std_similarity_agent_1,std_redundancy_agent_1,initiate_collaboration,respond_collaboration,overall_collaboration
Qwen_Qwen3-8B_Qwen_Qwen3-14B,sliced_bell_pepper_and_corn_stew,4,0.2,46.5,0.5,105.5,0.06818064487193995,0.1125,0.05289742463655507,0.06424733362488996,0.10383279828647594,0.05356320123056132,0.16010984824805102,0.18888888888888888,0.16919191919191917,0.15956742896428996,0.1990719207463213,0.1767279897728314,0.027777777777777776,0.06944444444444445,0.04861111111111111
Qwen_Qwen3-8B_Qwen_Qwen3-14B,sliced_bell_pepper_and_lentil_stew,4,0.3,77.33333333333333,12.657891697365017,107.5,0.016300738995394665,0.025,0.011764705882352941,0.048902216986183994,0.07500000000000001,0.03529411764705882,0.19580397233469574,0.2333333333333333,0.17875,0.1661571619881448,0.20757268546966007,0.15207420063903015,0.01948051948051948,0.06493506493506493,0.04220779220779221
Qwen_Qwen3-8B_Qwen_Qwen3-14B,boiled_potato_slices,2,0.6,51.833333333333336,14.438567180375697,79.7,0.0,0.0,0.0,0.0,0.0,0.0,0.359437727722852,0.48,0.28398268398268395,0.29683842097911256,0.3919183588453085,0.23904467658180062,0.0967741935483871,0.1774193548387097,0.13709677419354838
Qwen_Qwen3-8B_Qwen_Qwen3-14B,sliced_pumpkin_and_chickpea_stew,4,0.4444444444444444,102.75,7.980444849756184,112.77777777777777,0.03169187008146511,0.05555555555555555,0.021604938271604937,0.05967344331269241,0.10393492741038726,0.04094598506611605,0.080433581630505,0.09876543209876543,0.0905349794238683,0.12078740983061725,0.16096796062228763,0.13759879421646493,0.03614457831325301,0.10843373493975904,0.07228915662650602
Qwen_Qwen3-8B_Qwen_Qwen3-14B,sliced_eggplant_and_chickpea_stew,4,0.4,86.0,20.137030565602267,106.8,0.03930581403566633,0.05,0.0325,0.07953124441093609,0.10000000000000002,0.06712860791048776,0.13231384447840336,0.16666666666666669,0.12791666666666665,0.16217519230147243,0.21227747971714223,0.15406584541105214,0.07407407407407407,0.12345679012345678,0.09876543209876543
Qwen_Qwen3-8B_Qwen_Qwen3-14B,baked_pumpkin_slices,2,0.2,54.0,17.0,107.0,0.0,0.0,0.0,0.0,0.0,0.0,0.3341589968959899,0.36,0.3195238095238095,0.34649832379044265,0.3666060555964672,0.34887867021446334,0.024,0.072,0.048
Qwen_Qwen3-8B_Qwen_Qwen3-14B,boiled_green_bean_slices,2,0.2,23.0,2.0,100.8,0.0,0.0,0.0,0.0,0.0,0.0,0.36544549846947255,0.42000000000000004,0.3361111111111111,0.2699829751909804,0.3280243893371345,0.24753795222731995,0.03260869565217391,0.18478260869565216,0.10869565217391304
Qwen_Qwen3-8B_Qwen_Qwen3-14B,boiled_corn_slices,2,0.4,53.0,14.230249470757707,93.6,0.0,0.0,0.0,0.0,0.0,0.0,0.25987739664172227,0.33999999999999997,0.20992063492063492,0.29797038050606817,0.3903844259188627,0.24296896740778406,0.027777777777777776,0.11805555555555555,0.07291666666666666
Qwen_Qwen3-8B_Qwen_Qwen3-14B,sliced_zucchini_and_chickpea_stew,4,0.4,82.0,27.0,105.2,0.0,0.0,0.0,0.0,0.0,0.0,0.04215097953678963,0.05555555555555556,0.033721180780004315,0.08292138725473754,0.10243938285880985,0.06900075278317408,0.0,0.014084507042253521,0.007042253521126761
Qwen_Qwen3-8B_Qwen_Qwen3-32B,boiled_potato_slices,2,0.7,40.42857142857143,9.839528775841465,65.0,0.0,0.0,0.0,0.0,0.0,0.0,0.37917452930798856,0.54,0.2858585858585859,0.2549286280042728,0.35832945734337834,0.1941943820363718,0.08333333333333333,0.11666666666666667,0.1
Qwen_Qwen3-8B_Qwen_Qwen3-32B,sliced_bell_pepper_and_corn_stew,4,0.6,86.16666666666667,20.15288785481845,100.3,0.07610759235912724,0.1,0.06324786324786325,0.09698663487696765,0.1224744871391589,0.08417393261220944,0.1491420300024783,0.22222222222222224,0.11428030303030304,0.17992324255332112,0.25819888974716115,0.1439942130459604,0.0125,0.0875,0.049999999999999996
Qwen_Qwen3-8B_Qwen_Qwen3-32B,boiled_green_bean_slices,2,0.5,56.2,19.394844675841053,88.6,0.0,0.0,0.0,0.0,0.0,0.0,0.3159591431337632,0.36,0.2925,0.26170771709198803,0.3072458299147443,0.23518462015096894,0.03225806451612903,0.12903225806451613,0.08064516129032258
Qwen_Qwen3-8B_Qwen_Qwen3-32B,sliced_pumpkin_and_chickpea_stew,4,0.5,79.8,23.83610706470333,100.4,0.013231330957141615,0.025,0.008695652173913044,0.039693992871424846,0.07500000000000001,0.026086956521739126,0.1619843373870216,0.22222222222222224,0.13252811515969412,0.1336552197398662,0.21081851067789195,0.10769755093625495,0.029411764705882353,0.0784313725490196,0.05392156862745098
Qwen_Qwen3-8B_Qwen_Qwen3-32B,boiled_corn_slices,2,0.3,48.0,17.663521732655695,98.7,0.0,0.0,0.0,0.0,0.0,0.0,0.36773013315148234,0.45999999999999996,0.3543345543345543,0.2595915576917744,0.3352610922848042,0.2881480359324148,0.08661417322834646,0.10236220472440945,0.09448818897637795
Qwen_Qwen3-8B_Qwen_Qwen3-32B,sliced_zucchini_and_chickpea_stew,4,0.2,96.0,13.0,115.4,0.029588673341474636,0.0375,0.026050420168067225,0.059559577900692245,0.08003905296791061,0.05240491370644997,0.1366800138275539,0.14444444444444443,0.13163059163059163,0.17424103905519042,0.17950549357115014,0.17414430299007946,0.08,0.08,0.08
Qwen_Qwen3-8B_Qwen_Qwen3-32B,baked_pumpkin_slices,2,0.9,56.55555555555556,26.331692400819172,63.8,0.0,0.0,0.0,0.0,0.0,0.0,0.38557506091199145,0.5399999999999999,0.30141414141414147,0.19601101227161116,0.2537715508089904,0.16029746746127604,0.10112359550561797,0.1348314606741573,0.11797752808988764
Qwen_Qwen3-8B_Qwen_Qwen3-32B,sliced_bell_pepper_and_lentil_stew,4,0.3333333333333333,44.666666666666664,5.792715732327589,95.22222222222223,0.037093408281478064,0.08333333333333333,0.02582203660370776,0.06214052151989527,0.11785113019775792,0.048025002399747496,0.16075463987186922,0.2222222222222222,0.12948532948532948,0.17891074797622636,0.23424278964210218,0.15763342009892894,0.022556390977443608,0.10526315789473684,0.06390977443609022
Qwen_Qwen3-8B_Qwen_Qwen3-32B,sliced_eggplant_and_chickpea_stew,4,0.2,89.5,9.5,114.1,0.0,0.0,0.0,0.0,0.0,0.0,0.08698714185613864,0.1,0.0918560606060606,0.14365295482583504,0.1822357718539636,0.1409865836523903,0.01020408163265306,0.0,0.00510204081632653
Qwen_Qwen3-32B_Qwen_Qwen3-4B,boiled_potato_slices,2,0.7,56.42857142857143,25.822786962886333,76.2,0.0,0.0,0.0,0.0,0.0,0.0,0.41342887120519195,0.6,0.32554029304029297,0.26077080664341784,0.36878177829171555,0.21628040049688624,0.1694915254237288,0.23728813559322035,0.2033898305084746
Qwen_Qwen3-32B_Qwen_Qwen3-4B,boiled_corn_slices,2,0.1111111111111111,75.0,0.0,115.11111111111111,0.0,0.0,0.0,0.0,0.0,0.0,0.26783346393234875,0.2666666666666667,0.31005291005291,0.23105509775653,0.21081851067789195,0.3236339739235876,0.5571428571428572,0.6428571428571429,0.6000000000000001
Qwen_Qwen3-32B_Qwen_Qwen3-4B,baked_pumpkin_slices,2,0.4,55.25,31.299960063872287,94.5,0.0,0.0,0.0,0.0,0.0,0.0,0.3584698926895561,0.5800000000000001,0.2682789432789433,0.21553263274303872,0.38418745424597095,0.16750257325634332,0.13178294573643412,0.17829457364341086,0.15503875968992248
Qwen_Qwen3-32B_Qwen_Qwen3-4B,boiled_green_bean_slices,2,0.5,70.8,29.294368059406914,95.9,0.0,0.0,0.0,0.0,0.0,0.0,0.29389274221725453,0.4800000000000001,0.21028860028860027,0.2276124852128477,0.34871191548325386,0.16921309891217773,0.0970873786407767,0.1553398058252427,0.1262135922330097
Qwen_Qwen3-8B_Qwen_Qwen3-4B,baked_pumpkin_slices,2,0.6,25.833333333333332,3.8908725099762504,64.1,0.0,0.0,0.0,0.0,0.0,0.0,0.4156951689399544,0.5399999999999999,0.3363636363636363,0.2794888455526933,0.35832945734337834,0.23410842892785425,0.10204081632653061,0.2857142857142857,0.19387755102040816
Qwen_Qwen3-8B_Qwen_Qwen3-4B,boiled_potato_slices,2,0.4,44.25,17.151894939043906,90.1,0.0,0.0,0.0,0.0,0.0,0.0,0.4050464492189013,0.54,0.3490598290598291,0.16524130963337688,0.2537715508089904,0.161773536729781,0.13333333333333333,0.4,0.26666666666666666
Qwen_Qwen3-8B_Qwen_Qwen3-4B,boiled_green_bean_slices,2,0.4,45.0,14.053469322555197,90.4,0.067825311942959,0.1,0.05,0.203475935828877,0.30000000000000004,0.15000000000000002,0.4098154581336139,0.5199999999999999,0.38353174603174595,0.25296127002816565,0.29933259094191533,0.2985383289459433,0.06481481481481481,0.3055555555555556,0.1851851851851852
Qwen_Qwen3-8B_Qwen_Qwen3-4B,boiled_corn_slices,2,0.1,46.0,0.0,112.7,0.0,0.0,0.0,0.0,0.0,0.0,0.1914201541676725,0.22000000000000003,0.25384615384615383,0.24126184441188228,0.28913664589601923,0.38775640495780184,0.12,0.28,0.2
Qwen_Qwen3-4B_Qwen_Qwen3-14B,boiled_potato_slices,2,0.3,55.666666666666664,19.61858529274955,101.0,0.0,0.0,0.0,0.0,0.0,0.0,0.0935832083158753,0.12,0.07539682539682539,0.14285836964204385,0.18330302779823363,0.11495957092754741,0.21428571428571427,0.10714285714285714,0.1607142857142857
Qwen_Qwen3-4B_Qwen_Qwen3-14B,boiled_green_bean_slices,2,0.3,82.33333333333333,30.00370347510824,109.0,0.0,0.0,0.0,0.0,0.0,0.0,0.10415343097663583,0.12,0.1126984126984127,0.20732501969862738,0.24000000000000002,0.21274578955893977,0.3076923076923077,0.23076923076923078,0.2692307692307693
Qwen_Qwen3-4B_Qwen_Qwen3-14B,boiled_corn_slices,2,0.3,47.333333333333336,26.386023236217735,98.5,0.0,0.0,0.0,0.0,0.0,0.0,0.39064365701660375,0.48,0.35079365079365077,0.27640015824351705,0.32496153618543844,0.29625188631658117,0.14130434782608695,0.10869565217391304,0.125
Qwen_Qwen3-4B_Qwen_Qwen3-14B,baked_pumpkin_slices,2,0.3,45.333333333333336,25.302612952464457,97.9,0.0,0.0,0.0,0.0,0.0,0.0,0.210174017783005,0.28,0.16636002886002885,0.26665488850791663,0.3487119154832539,0.21501396459499755,0.1951219512195122,0.17073170731707318,0.18292682926829268
Qwen_Qwen3-8B_Qwen_Qwen3-1.7B,boiled_green_bean_slices,2,0.0,0.0,0.0,120.0,0.0,0.0,0.0,0.0,0.0,0.0,0.23541596234217574,0.2,0.38366013071895433,0.1402639709038968,0.0894427190999916,0.3315735941156212,0.05521472392638037,0.09815950920245399,0.07668711656441718
Qwen_Qwen3-8B_Qwen_Qwen3-1.7B,sliced_zucchini_and_chickpea_stew,4,0.0,0.0,0.0,120.0,0.013018195015420883,0.0375,0.008630952380952382,0.027485233531801743,0.08003905296791061,0.019308573313462613,0.11452852936907502,0.11111111111111112,0.21828042328042327,0.061332673924430293,0.049690399499995326,0.2734981090820442,0.02531645569620253,0.08860759493670886,0.056962025316455694
Qwen_Qwen3-8B_Qwen_Qwen3-1.7B,boiled_potato_slices,2,0.2,73.0,6.0,110.8,0.0,0.0,0.0,0.0,0.0,0.0,0.24426068080152455,0.22000000000000003,0.3768589743589744,0.119539543319747,0.06,0.3313581085292767,0.04597701149425287,0.1781609195402299,0.11206896551724138
Qwen_Qwen3-8B_Qwen_Qwen3-1.7B,baked_pumpkin_slices,2,0.2,113.0,2.0,118.8,0.0,0.0,0.0,0.0,0.0,0.0,0.28597358317151367,0.26000000000000006,0.4086904761904762,0.1636516403851324,0.1562049935181331,0.3269586236972154,0.024390243902439025,0.2682926829268293,0.14634146341463417
Qwen_Qwen3-8B_Qwen_Qwen3-1.7B,sliced_bell_pepper_and_corn_stew,4,0.0,0.0,0.0,120.0,0.03462318811342402,0.05,0.02583333333333333,0.06926460062812653,0.10000000000000002,0.051700257897487,0.22423179011983527,0.17777777777777776,0.4058333333333334,0.07700919418561342,0.07370277311900887,0.2379323549993896,0.125,0.35,0.2375
Qwen_Qwen3-8B_Qwen_Qwen3-1.7B,sliced_bell_pepper_and_lentil_stew,4,0.0,0.0,0.0,120.0,0.04403466908275788,0.0625,0.052063492063492055,0.07232397243371255,0.10077822185373188,0.103144806442176,0.15535101127868856,0.12222222222222223,0.2786446886446886,0.09381502442633896,0.059835164523716705,0.2700631671246765,0.05454545454545454,0.11818181818181818,0.08636363636363636
Qwen_Qwen3-8B_Qwen_Qwen3-1.7B,sliced_eggplant_and_chickpea_stew,4,0.0,0.0,0.0,120.0,0.018439544463290526,0.025,0.014285714285714285,0.055318633389871585,0.07500000000000001,0.04285714285714285,0.15614703445211436,0.11111111111111112,0.4394444444444444,0.09930986634279762,0.07027283689263064,0.39304485654853605,0.11627906976744186,0.16279069767441862,0.13953488372093023
Qwen_Qwen3-8B_Qwen_Qwen3-1.7B,boiled_corn_slices,2,0.2,61.5,3.5,108.5,0.0,0.0,0.0,0.0,0.0,0.0,0.1943607081924697,0.2,0.2567857142857143,0.08780903359201923,0.0894427190999916,0.26277995006125376,0.024630541871921183,0.024630541871921183,0.024630541871921183
Qwen_Qwen3-8B_Qwen_Qwen3-1.7B,sliced_pumpkin_and_chickpea_stew,4,0.0,0.0,0.0,120.0,0.0,0.0,0.0,0.0,0.0,0.0,0.14808535647776588,0.11111111111111112,0.3019047619047619,0.08958526041799549,0.07027283689263066,0.27389191307037797,0.16129032258064516,0.25806451612903225,0.2096774193548387
Qwen_Qwen3-4B_Qwen_Qwen3-4B,boiled_corn_slices,2,0.3,54.333333333333336,11.440668201153676,100.6,0.0,0.0,0.0,0.0,0.0,0.0,0.3781148206285036,0.5000000000000001,0.3224725274725274,0.25496983236318277,0.32557641192199416,0.24041579843095937,0.4090909090909091,0.36363636363636365,0.38636363636363635
Qwen_Qwen3-4B_Qwen_Qwen3-4B,boiled_green_bean_slices,2,0.3,113.0,3.7416573867739413,118.2,0.0,0.0,0.0,0.0,0.0,0.0,0.2606574527137061,0.45999999999999996,0.24972826086956518,0.2177801432565557,0.4004996878900157,0.29766168198023374,0.15942028985507245,0.08695652173913043,0.12318840579710144
Qwen_Qwen3-4B_Qwen_Qwen3-4B,baked_pumpkin_slices,2,0.3,38.0,13.366625103842281,95.7,0.0,0.0,0.0,0.0,0.0,0.0,0.3189652276214562,0.42000000000000004,0.27215811965811965,0.24650169094659916,0.3280243893371345,0.2212130696126106,0.4,0.32,0.36
Qwen_Qwen3-4B_Qwen_Qwen3-4B,boiled_potato_slices,2,0.4,50.0,14.370107863199914,92.4,0.0,0.0,0.0,0.0,0.0,0.0,0.3885343154237956,0.5399999999999999,0.32469343521975097,0.17325149633061424,0.28354893757515653,0.1560608935111667,0.20833333333333334,0.2708333333333333,0.23958333333333331
Qwen_Qwen3-1.7B_Qwen_Qwen3-8B,boiled_green_bean_slices,2,0.4,41.0,8.336666000266533,88.8,0.0,0.0,0.0,0.0,0.0,0.0,0.3500640233048555,0.5,0.2853768453768454,0.2836668887838895,0.3714835124201342,0.2849136996676954,0.23376623376623376,0.12337662337662338,0.17857142857142858
Qwen_Qwen3-1.7B_Qwen_Qwen3-8B,sliced_pumpkin_and_chickpea_stew,4,0.0,0.0,0.0,120.0,0.04380767452985214,0.05,0.03888888888888888,0.08794331487528949,0.10000000000000002,0.0787635937708768,0.1251709912460066,0.15555555555555556,0.11936397365963929,0.09878669276041459,0.12372809695177826,0.0941383099980156,0.1383219954648526,0.12471655328798185,0.13151927437641722
Qwen_Qwen3-1.7B_Qwen_Qwen3-8B,sliced_bell_pepper_and_lentil_stew,4,0.0,0.0,0.0,120.0,0.026222842473423952,0.027777777777777776,0.024691358024691357,0.0741693989397788,0.07856742013183861,0.06983770678385653,0.187076949583737,0.3333333333333333,0.12976476786000596,0.17096596801764197,0.3098740839015095,0.11528139455398478,0.18067226890756302,0.09663865546218488,0.13865546218487396
Qwen_Qwen3-1.7B_Qwen_Qwen3-8B,boiled_potato_slices,2,0.4,62.25,34.686993239541536,97.3,0.0,0.0,0.0,0.0,0.0,0.0,0.20738126947451577,0.48,0.13470684960928864,0.18915773921742796,0.32496153618543844,0.1347882662460101,0.15384615384615385,0.10059171597633136,0.12721893491124261
Qwen_Qwen3-1.7B_Qwen_Qwen3-8B,sliced_bell_pepper_and_corn_stew,4,0.0,0.0,0.0,120.0,0.0,0.0,0.0,0.0,0.0,0.0,0.09394585786623696,0.1,0.12066849816849816,0.04698956571211528,0.03333333333333333,0.11212986987561753,0.22745901639344263,0.05737704918032787,0.14241803278688525
Qwen_Qwen3-1.7B_Qwen_Qwen3-8B,boiled_corn_slices,2,0.8,41.375,13.40650495095571,57.9,0.0,0.0,0.0,0.0,0.0,0.0,0.3818647670952639,0.6599999999999999,0.2767082209256122,0.2004656734717102,0.23748684174075835,0.17196113642418204,0.21030042918454936,0.0944206008583691,0.15236051502145923
Qwen_Qwen3-1.7B_Qwen_Qwen3-8B,sliced_zucchini_and_chickpea_stew,4,0.1,95.0,0.0,117.6,0.010848182466143975,0.025,0.006666666666666666,0.032544547398431926,0.07500000000000001,0.019999999999999997,0.0912543369773551,0.13333333333333336,0.08297977111268394,0.0689560686484909,0.10886621079036347,0.06919459971350497,0.16590909090909092,0.08409090909090909,0.125
Qwen_Qwen3-1.7B_Qwen_Qwen3-8B,sliced_eggplant_and_chickpea_stew,4,0.1,102.0,0.0,118.3,0.0,0.0,0.0,0.0,0.0,0.0,0.12164588094119136,0.2111111111111111,0.11312540149425096,0.07640611115388338,0.21343747458109497,0.08919302704401191,0.23711340206185566,0.08247422680412371,0.15979381443298968
Qwen_Qwen3-1.7B_Qwen_Qwen3-8B,baked_pumpkin_slices,2,0.7,33.285714285714285,5.310751512983173,60.0,0.0,0.0,0.0,0.0,0.0,0.0,0.39215212341549466,0.6,0.3124615906968848,0.18148101599578967,0.30983866769659335,0.14571070064979585,0.27169811320754716,0.12452830188679245,0.19811320754716982
Qwen_Qwen3-32B_Qwen_Qwen3-14B,baked_pumpkin_slices,2,0.3,51.0,9.201449161228174,99.6,0.0,0.0,0.0,0.0,0.0,0.0,0.16978994629549948,0.26,0.12323232323232322,0.24465164706540937,0.3693237062523878,0.17936689326560554,0.09523809523809523,0.16666666666666666,0.13095238095238093
Qwen_Qwen3-32B_Qwen_Qwen3-14B,sliced_eggplant_and_chickpea_stew,4,0.4,64.75,24.40671014290947,98.3,0.056313520894745374,0.075,0.04428571428571428,0.08621722754430503,0.11456439237389598,0.06808191677890868,0.11608482220539078,0.12222222222222223,0.12896825396825398,0.08599161807931173,0.11600340565456166,0.0976204994084844,0.03529411764705882,0.023529411764705882,0.029411764705882353
Qwen_Qwen3-32B_Qwen_Qwen3-14B,boiled_corn_slices,2,0.6,49.666666666666664,32.19558285783246,78.4,0.0,0.0,0.0,0.0,0.0,0.0,0.3533811007146849,0.52,0.2652625152625152,0.2942852942504384,0.43081318457076034,0.22595439161517888,0.19736842105263158,0.25,0.2236842105263158
Qwen_Qwen3-32B_Qwen_Qwen3-14B,sliced_bell_pepper_and_corn_stew,4,0.3,56.333333333333336,3.299831645537222,101.2,0.03406865867786023,0.0375,0.04509803921568627,0.06821625255228207,0.08003905296791061,0.1022807949470194,0.12538844564205834,0.1222222222222222,0.15252039627039626,0.15296250112874274,0.11600340565456167,0.225812793892385,0.0380952380952381,0.01904761904761905,0.028571428571428574
Qwen_Qwen3-32B_Qwen_Qwen3-14B,sliced_bell_pepper_and_lentil_stew,4,0.1,80.0,0.0,116.1,0.0,0.0,0.0,0.0,0.0,0.0,0.12907459515526337,0.14444444444444443,0.14227272727272727,0.18460001783592728,0.21688023662159037,0.23452514398004604,0.014705882352941176,0.04411764705882353,0.029411764705882353
Qwen_Qwen3-32B_Qwen_Qwen3-14B,boiled_green_bean_slices,2,0.3,38.333333333333336,12.283683848458853,95.8,0.0,0.0,0.0,0.0,0.0,0.0,0.17071334953682382,0.24000000000000005,0.13235653235653236,0.2653032503108372,0.36660605559646725,0.21060710246356573,0.1320754716981132,0.20754716981132076,0.169811320754717
Qwen_Qwen3-32B_Qwen_Qwen3-14B,boiled_potato_slices,2,0.5,51.2,28.265880492211807,86.1,0.0,0.0,0.0,0.0,0.0,0.0,0.37126992429980205,0.52,0.2965773115773116,0.2538377595545155,0.3487119154832539,0.21853143700109187,0.25287356321839083,0.39080459770114945,0.32183908045977017
Qwen_Qwen3-32B_Qwen_Qwen3-14B,sliced_pumpkin_and_chickpea_stew,4,0.3,62.0,4.546060565661952,102.9,0.03302465507176341,0.0375,0.029292929292929294,0.06932949860787793,0.08003905296791061,0.06068177089242662,0.10573647797662437,0.11111111111111112,0.10240440115440115,0.12220140151395237,0.12171612389003691,0.12336432667480644,0.04,0.03,0.035
Qwen_Qwen3-32B_Qwen_Qwen3-14B,sliced_zucchini_and_chickpea_stew,4,0.5,74.6,17.165080832900262,97.8,0.06592629944217167,0.0875,0.057999999999999996,0.08513429381693981,0.1125,0.07890891764528656,0.08983759440133463,0.14444444444444443,0.06902056277056276,0.10705094817084834,0.18625616238044676,0.08108266440085982,0.03827751196172249,0.03827751196172249,0.03827751196172249
Qwen_Qwen3-4B_Qwen_Qwen3-32B,baked_pumpkin_slices,2,0.6,60.166666666666664,28.927591596182967,84.7,0.0,0.0,0.0,0.0,0.0,0.0,0.12008511270115019,0.18,0.10130718954248366,0.19823663924973886,0.31559467676119,0.16167060047453985,0.42105263157894735,0.05263157894736842,0.23684210526315788
Qwen_Qwen3-4B_Qwen_Qwen3-32B,boiled_potato_slices,2,0.5,64.4,17.53396703544295,92.7,0.0,0.0,0.0,0.0,0.0,0.0,0.19898851842465187,0.28,0.15551587301587302,0.21946772801121386,0.32496153618543844,0.1674624285205084,0.2,0.08888888888888889,0.14444444444444446
Qwen_Qwen3-4B_Qwen_Qwen3-32B,boiled_corn_slices,2,0.7,46.142857142857146,22.968478844019323,69.0,0.0,0.0,0.0,0.0,0.0,0.0,0.3533908294858253,0.48,0.2901002506265664,0.28428075264870384,0.3815756805667783,0.2399884607631114,0.2,0.2,0.2
Qwen_Qwen3-4B_Qwen_Qwen3-32B,boiled_green_bean_slices,2,0.4,61.25,26.975683494584526,96.9,0.0,0.0,0.0,0.0,0.0,0.0,0.22991674652417302,0.26,0.2149206349206349,0.309960323607759,0.35832945734337834,0.2851778032047115,0.16666666666666666,0.07142857142857142,0.11904761904761904
Qwen_Qwen3-32B_Qwen_Qwen3-32B,sliced_zucchini_and_chickpea_stew,4,0.7777777777777778,74.28571428571429,20.644710742285856,85.22222222222223,0.0735837424367371,0.09722222222222222,0.0605351438684772,0.07719494246935861,0.09820927516479827,0.06882368059419791,0.15910619893491046,0.1728395061728395,0.14805564805564805,0.16314973079464673,0.17459426695964136,0.15474919909196716,0.0425531914893617,0.06382978723404255,0.05319148936170212
Qwen_Qwen3-32B_Qwen_Qwen3-32B,boiled_potato_slices,2,0.6,65.83333333333333,29.87985200022844,88.1,0.0,0.0,0.0,0.0,0.0,0.0,0.21180394215730466,0.27999999999999997,0.1689033189033189,0.264672275007831,0.34871191548325386,0.2135960084167457,0.10743801652892562,0.09917355371900827,0.10330578512396695
Qwen_Qwen3-32B_Qwen_Qwen3-32B,sliced_bell_pepper_and_lentil_stew,4,0.3,62.0,18.991226044325487,102.9,0.056232677940936504,0.075,0.0441025641025641,0.08599812159185417,0.11456439237389598,0.06757565706678619,0.19823550176506607,0.17777777777777776,0.2671428571428572,0.22566522917575924,0.20608041101101562,0.33962230588934583,0.03125,0.21875,0.125
Qwen_Qwen3-32B_Qwen_Qwen3-32B,sliced_bell_pepper_and_corn_stew,4,0.4,44.75,7.562241731127087,90.3,0.04143149226249321,0.05,0.03484848484848485,0.08289419937737565,0.10000000000000002,0.069779266301027,0.18112740971811114,0.1888888888888889,0.1861742424242424,0.20859334215049638,0.2224998266055643,0.22297072669068774,0.06593406593406594,0.14285714285714285,0.10439560439560439
Qwen_Qwen3-32B_Qwen_Qwen3-32B,boiled_corn_slices,2,0.7,49.142857142857146,28.67765965460407,71.1,0.0,0.0,0.0,0.0,0.0,0.0,0.3653069664353276,0.48,0.29194444444444445,0.2794948811639794,0.36,0.23084135565682654,0.11650485436893204,0.23300970873786409,0.17475728155339806
Qwen_Qwen3-32B_Qwen_Qwen3-32B,baked_pumpkin_slices,2,0.9,38.888888888888886,16.649620912897984,47.9,0.0,0.0,0.0,0.0,0.0,0.0,0.29577461385034565,0.36000000000000004,0.25234126984126987,0.26338996186949504,0.332264954516723,0.2166337007597449,0.20408163265306123,0.24489795918367346,0.22448979591836735
Qwen_Qwen3-32B_Qwen_Qwen3-32B,sliced_eggplant_and_chickpea_stew,4,0.3,75.33333333333333,3.2998316455372216,106.9,0.06724860503361249,0.075,0.06068181818181819,0.08825310506210818,0.09999999999999999,0.07865114154362733,0.06159878706345514,0.07777777777777779,0.05607843137254902,0.09635658879761695,0.1319371343004213,0.0847467221809506,0.043010752688172046,0.03225806451612903,0.03763440860215054
Qwen_Qwen3-32B_Qwen_Qwen3-32B,sliced_pumpkin_and_chickpea_stew,4,0.4,61.0,12.509996003196804,96.8,0.05623892086826095,0.075,0.04538461538461539,0.0876583755133448,0.11456439237389601,0.07284984963413431,0.11438460545125333,0.11111111111111112,0.13111111111111112,0.12364505380177498,0.12171612389003691,0.1422146265332789,0.0380952380952381,0.02857142857142857,0.03333333333333333
Qwen_Qwen3-32B_Qwen_Qwen3-32B,boiled_green_bean_slices,2,0.6,38.333333333333336,11.841546445554409,71.6,0.0,0.0,0.0,0.0,0.0,0.0,0.2350250878057695,0.34,0.17660256410256409,0.23696482113370812,0.34698703145794946,0.1780262391490461,0.1125,0.1625,0.1375
Qwen_Qwen3-14B_Qwen_Qwen3-8B,boiled_potato_slices,2,0.3,40.666666666666664,3.6817870057290873,96.5,0.0,0.0,0.0,0.0,0.0,0.0,0.20326153392601903,0.32,0.1492279779044485,0.23602147100961993,0.3709447398198282,0.17579436011041757,0.0625,0.1875,0.125
Qwen_Qwen3-14B_Qwen_Qwen3-8B,sliced_pumpkin_and_chickpea_stew,4,0.5,66.0,24.827404213892358,93.5,0.07811800867531773,0.1,0.07134920634920634,0.10416418934393017,0.1224744871391589,0.10488836162863749,0.05091641412097332,0.1,0.03482924482924483,0.0565968303364198,0.1261979632400061,0.03760763527243433,0.013888888888888888,0.08333333333333333,0.048611111111111105
Qwen_Qwen3-14B_Qwen_Qwen3-8B,boiled_green_bean_slices,2,0.2,60.0,37.0,108.2,0.0,0.0,0.0,0.0,0.0,0.0,0.05681024961343053,0.06000000000000001,0.05428571428571429,0.12489371665347353,0.128062484748657,0.12285714285714286,0.07692307692307693,0.15384615384615385,0.11538461538461539
Qwen_Qwen3-14B_Qwen_Qwen3-8B,sliced_bell_pepper_and_corn_stew,4,0.4,48.5,8.986100377805714,91.8,0.04435483405767215,0.0625,0.03398692810457517,0.07340855442781763,0.10077822185373188,0.0575794365731687,0.18541962804098683,0.2111111111111111,0.23893733078515686,0.12902754176303838,0.1606314699422329,0.1783833875890904,0.12962962962962962,0.18518518518518517,0.15740740740740738
Qwen_Qwen3-14B_Qwen_Qwen3-8B,sliced_eggplant_and_chickpea_stew,4,0.2,86.5,29.5,113.5,0.045349385758074026,0.075,0.03214285714285714,0.07072313814220067,0.11456439237389601,0.05101020306102036,0.05781439980351283,0.08888888888888888,0.06476063829787233,0.0628490342944785,0.12957670877434,0.09785354034105555,0.019230769230769232,0.038461538461538464,0.028846153846153848
Qwen_Qwen3-14B_Qwen_Qwen3-8B,sliced_bell_pepper_and_lentil_stew,4,0.5,72.8,13.12097557348538,96.9,0.07003492834163154,0.125,0.04752606153063819,0.07116461673518486,0.125,0.048913147213773225,0.16717616421798726,0.2777777777777778,0.13829865338143704,0.1200518479613457,0.2063797291222968,0.10787566893869267,0.06504065040650407,0.10569105691056911,0.08536585365853659
Qwen_Qwen3-14B_Qwen_Qwen3-8B,boiled_corn_slices,2,0.4,76.5,25.154522456210533,103.0,0.0,0.0,0.0,0.0,0.0,0.0,0.12442310580979213,0.28,0.08897578611864325,0.13477937823603656,0.31240998703626616,0.09761588580973612,0.08602150537634409,0.07526881720430108,0.08064516129032259
Qwen_Qwen3-14B_Qwen_Qwen3-8B,sliced_zucchini_and_chickpea_stew,4,0.125,62.0,0.0,112.875,0.06722668653994571,0.09375,0.05248917748917749,0.0886170511529442,0.12103072956898178,0.07114720590229899,0.10038468610486545,0.1111111111111111,0.09834799406020336,0.09943503884031517,0.09622504486493763,0.10226985589603982,0.04081632653061224,0.08163265306122448,0.061224489795918366
Qwen_Qwen3-14B_Qwen_Qwen3-8B,baked_pumpkin_slices,2,0.2,47.5,23.5,105.7,0.0,0.0,0.0,0.0,0.0,0.0,0.26961834295674986,0.32,0.24361111111111108,0.30159511074871204,0.3370459909270544,0.30618130370866986,0.20754716981132076,0.32075471698113206,0.2641509433962264
Qwen_Qwen3-32B_Qwen_Qwen3-1.7B,boiled_green_bean_slices,2,0.0,0.0,0.0,120.0,0.0,0.0,0.0,0.0,0.0,0.0,0.22871571865293827,0.18,0.4424242424242424,0.15714625877421817,0.10770329614269009,0.3938111679426155,0.0584958217270195,0.03899721448467967,0.04874651810584958
Qwen_Qwen3-32B_Qwen_Qwen3-1.7B,sliced_eggplant_and_chickpea_stew,4,0.1,78.0,0.0,115.9,0.02363462746491169,0.0375,0.0365079365079365,0.05424552225821457,0.08003905296791061,0.09939347431398901,0.1048938519545611,0.08888888888888888,0.22763854425144753,0.0669345945230083,0.04444444444444444,0.27957026813787345,0.056818181818181816,0.13636363636363635,0.09659090909090909
Qwen_Qwen3-32B_Qwen_Qwen3-1.7B,boiled_corn_slices,2,0.0,0.0,0.0,120.0,0.0,0.0,0.0,0.0,0.0,0.0,0.2860094680347501,0.2,0.7416666666666666,0.1390503086960431,0.0894427190999916,0.4021642837337885,0.07142857142857142,0.05714285714285714,0.06428571428571428
Qwen_Qwen3-32B_Qwen_Qwen3-1.7B,sliced_bell_pepper_and_lentil_stew,4,0.0,0.0,0.0,120.0,0.0073032629558541255,0.0125,0.005,0.02190978886756238,0.037500000000000006,0.015,0.0991912510166092,0.09999999999999999,0.2088311688311688,0.1649813355851826,0.11600340565456167,0.3958415620547669,0.12878787878787878,0.05303030303030303,0.09090909090909091
Qwen_Qwen3-32B_Qwen_Qwen3-1.7B,baked_pumpkin_slices,2,0.0,0.0,0.0,120.0,0.0,0.0,0.0,0.0,0.0,0.0,0.30059071074516436,0.24000000000000005,0.6633333333333333,0.1976875979144481,0.19595917942265423,0.4243819034784589,0.05,0.0625,0.05625
Qwen_Qwen3-32B_Qwen_Qwen3-1.7B,sliced_pumpkin_and_chickpea_stew,4,0.0,0.0,0.0,120.0,0.06031357752816069,0.05,0.08333333333333333,0.09785477258205319,0.082915619758885,0.13437096247164249,0.11004643061094903,0.07777777777777778,0.25666666666666665,0.0966653324988349,0.07114582486036498,0.2912806969993797,0.11764705882352941,0.2647058823529412,0.19117647058823528
Qwen_Qwen3-32B_Qwen_Qwen3-1.7B,boiled_potato_slices,2,0.2,32.5,8.5,102.7,0.0,0.0,0.0,0.0,0.0,0.0,0.23745533333991586,0.24000000000000005,0.3575,0.17830786598896922,0.19595917942265423,0.36179433230619973,0.0463768115942029,0.05217391304347826,0.04927536231884058
Qwen_Qwen3-32B_Qwen_Qwen3-1.7B,sliced_zucchini_and_chickpea_stew,4,0.0,0.0,0.0,120.0,0.025,0.025,0.025,0.07500000000000001,0.07500000000000001,0.07500000000000001,0.1329932694231426,0.1,0.36815476190476193,0.1260680359590424,0.09229582069908972,0.4291003061104497,0.36538461538461536,0.38461538461538464,0.375
Qwen_Qwen3-32B_Qwen_Qwen3-1.7B,sliced_bell_pepper_and_corn_stew,4,0.0,0.0,0.0,120.0,0.0043080755186956895,0.025,0.002247191011235955,0.012924226556087067,0.07500000000000001,0.006741573033707865,0.12761644859696214,0.11111111111111112,0.31166666666666665,0.11500971242201545,0.1314684396244359,0.3678805663678242,0.2391304347826087,0.15217391304347827,0.1956521739130435
Qwen_Qwen3-14B_Qwen_Qwen3-14B,sliced_pumpkin_and_chickpea_stew,4,0.4,82.75,20.632195714465293,105.5,0.031784288937627685,0.05,0.022857142857142857,0.06406212926900888,0.10000000000000002,0.046501164250414104,0.04020604939902258,0.04444444444444444,0.03636363636363636,0.12061814819706775,0.13333333333333333,0.10909090909090909,0.022222222222222223,0.0,0.011111111111111112
Qwen_Qwen3-14B_Qwen_Qwen3-14B,sliced_zucchini_and_chickpea_stew,4,0.5555555555555556,73.6,14.150618361046982,94.77777777777777,0.056140667944107055,0.08333333333333333,0.0414578111946533,0.07977838025415332,0.11785113019775792,0.05929656603680514,0.12876918917290622,0.17283950617283952,0.10964954932346235,0.09486804037403412,0.14917340708141447,0.0744574356732512,0.013157894736842105,0.11842105263157894,0.06578947368421052
Qwen_Qwen3-14B_Qwen_Qwen3-14B,baked_pumpkin_slices,2,0.3,47.0,30.40833219146796,98.4,0.0,0.0,0.0,0.0,0.0,0.0,0.12523299692962228,0.16,0.10158730158730159,0.2513183918515473,0.32,0.20514913550988587,0.06382978723404255,0.06382978723404255,0.06382978723404255
Qwen_Qwen3-14B_Qwen_Qwen3-14B,sliced_bell_pepper_and_corn_stew,4,0.6,76.0,25.265259415516265,94.2,0.03396759912307894,0.05,0.025098039215686273,0.0680038425052968,0.10000000000000002,0.05031847821912295,0.10265691003821906,0.13333333333333336,0.08954545454545454,0.14030415358965698,0.1911627837120584,0.11829530293317407,0.0375,0.05,0.04375
Qwen_Qwen3-14B_Qwen_Qwen3-14B,boiled_green_bean_slices,2,0.2,61.0,13.0,108.4,0.0,0.0,0.0,0.0,0.0,0.0,0.3680498297850618,0.42000000000000004,0.355515873015873,0.2806517007132774,0.31559467676119,0.29828879403780173,0.061224489795918366,0.061224489795918366,0.061224489795918366
Qwen_Qwen3-14B_Qwen_Qwen3-14B,sliced_bell_pepper_and_lentil_stew,4,0.4,75.25,12.93010054098575,102.5,0.06776161989413654,0.1,0.0553968253968254,0.09091742452504639,0.12247448713915891,0.0818936869588787,0.28371835915512544,0.2888888888888889,0.30428571428571427,0.1791299505314538,0.180534186769688,0.2170060136893083,0.05042016806722689,0.11764705882352941,0.08403361344537816
Qwen_Qwen3-14B_Qwen_Qwen3-14B,sliced_eggplant_and_chickpea_stew,4,0.4,92.5,21.43011899173684,109.4,0.09826430764059853,0.1375,0.07972943722943723,0.082719478130938,0.11792476415070755,0.06986498747953675,0.09099121069111717,0.13333333333333333,0.08001433691756273,0.09717198441330703,0.1706921277304135,0.08400717916345077,0.08333333333333333,0.13095238095238096,0.10714285714285715
Qwen_Qwen3-14B_Qwen_Qwen3-14B,boiled_potato_slices,2,0.3,36.666666666666664,16.21384867602041,95.3,0.0,0.0,0.0,0.0,0.0,0.0,0.2667966757880592,0.36,0.22217316017316016,0.29619335161643895,0.3666060555964672,0.2596145856138929,0.125,0.15,0.1375
Qwen_Qwen3-14B_Qwen_Qwen3-14B,boiled_corn_slices,2,0.4,70.25,29.303370113350443,100.5,0.0,0.0,0.0,0.0,0.0,0.0,0.27876261563253235,0.34,0.24017316017316018,0.2421935124540796,0.31048349392520047,0.20910747158193374,0.07526881720430108,0.06451612903225806,0.06989247311827956
Qwen_Qwen3-14B_Qwen_Qwen3-1.7B,boiled_potato_slices,2,0.1111111111111111,94.0,0.0,117.22222222222223,0.0,0.0,0.0,0.0,0.0,0.0,0.18120602858802856,0.17777777777777778,0.25723104056437385,0.08285795564823581,0.0628539361054709,0.2770836488440131,0.030821917808219176,0.030821917808219176,0.030821917808219176
Qwen_Qwen3-14B_Qwen_Qwen3-1.7B,boiled_green_bean_slices,2,0.3,75.0,22.861904265976328,106.8,0.0,0.0,0.0,0.0,0.0,0.0,0.20801340052974399,0.16,0.4033333333333333,0.16821345089612058,0.12000000000000001,0.40782621571230826,0.07482993197278912,0.061224489795918366,0.06802721088435373
Qwen_Qwen3-14B_Qwen_Qwen3-1.7B,sliced_eggplant_and_chickpea_stew,4,0.0,0.0,0.0,120.0,0.043645966838887676,0.075,0.036594202898550726,0.0799305547646942,0.11456439237389598,0.07583550583037911,0.1077796738530568,0.1,0.16226053639846744,0.09795996179047606,0.09229582069908972,0.14578282253805372,0.13157894736842105,0.18421052631578946,0.15789473684210525
Qwen_Qwen3-14B_Qwen_Qwen3-1.7B,sliced_bell_pepper_and_corn_stew,4,0.0,0.0,0.0,120.0,0.09420814211687031,0.0875,0.12,0.12122484306502289,0.1125,0.16,0.11947979485408208,0.11111111111111109,0.1860927960927961,0.12394591788869382,0.1111111111111111,0.21339445325769066,0.13333333333333333,0.25,0.19166666666666665
Qwen_Qwen3-14B_Qwen_Qwen3-1.7B,baked_pumpkin_slices,2,0.0,0.0,0.0,120.0,0.0,0.0,0.0,0.0,0.0,0.0,0.28357818709168675,0.2,0.6333333333333333,0.2309396424312457,0.1788854381999832,0.45825756949558405,0.088,0.088,0.088
Qwen_Qwen3-14B_Qwen_Qwen3-1.7B,sliced_bell_pepper_and_lentil_stew,4,0.0,0.0,0.0,120.0,0.0,0.0,0.0,0.0,0.0,0.0,0.14442801587376583,0.11111111111111112,0.348015873015873,0.08881675890819128,0.07027283689263064,0.3502055060210617,0.24691358024691357,0.2345679012345679,0.24074074074074073
Qwen_Qwen3-14B_Qwen_Qwen3-1.7B,boiled_corn_slices,2,0.1,108.0,0.0,118.9,0.0,0.0,0.0,0.0,0.0,0.0,0.31800589736190743,0.3,0.46825396825396826,0.24751294054031067,0.25690465157330256,0.39180957010903267,0.04642857142857143,0.11428571428571428,0.08035714285714285
Qwen_Qwen3-14B_Qwen_Qwen3-1.7B,sliced_zucchini_and_chickpea_stew,4,0.1,116.0,0.0,119.7,0.047196151562071055,0.0625,0.037896825396825394,0.07375857737865595,0.10077822185373188,0.05832422183456638,0.16171707883443975,0.13333333333333333,0.29126984126984123,0.12394731975215897,0.09686442096757052,0.2990244068098402,0.11666666666666667,0.21666666666666667,0.16666666666666669
Qwen_Qwen3-14B_Qwen_Qwen3-1.7B,sliced_pumpkin_and_chickpea_stew,4,0.0,0.0,0.0,120.0,0.05154147996824734,0.075,0.04476190476190476,0.08704075137737362,0.11456439237389598,0.08666666666666666,0.05163896081370696,0.05555555555555556,0.06143658810325477,0.08695611432043078,0.07453559924999298,0.11959013924017695,0.125,0.09375,0.109375
Qwen_Qwen3-4B_Qwen_Qwen3-8B,boiled_green_bean_slices,2,0.3,44.666666666666664,9.809292646374773,97.7,0.0,0.0,0.0,0.0,0.0,0.0,0.16396920757222994,0.26,0.12400560224089636,0.2291541638066359,0.35832945734337834,0.18083388207463244,0.11290322580645161,0.08064516129032258,0.0967741935483871
Qwen_Qwen3-4B_Qwen_Qwen3-8B,boiled_corn_slices,2,0.2,103.0,8.0,116.8,0.0,0.0,0.0,0.0,0.0,0.0,0.08883230770146963,0.25999999999999995,0.052714641697500564,0.1392455118182864,0.3903844259188627,0.08412583280855367,0.1956521739130435,0.15217391304347827,0.17391304347826086
Qwen_Qwen3-4B_Qwen_Qwen3-8B,boiled_potato_slices,2,0.2,77.0,42.0,111.6,0.0,0.0,0.0,0.0,0.0,0.0,0.22208845450119646,0.26,0.20401154401154403,0.21653230945822735,0.22000000000000003,0.21436069642983716,0.09615384615384616,0.04807692307692308,0.07211538461538462
Qwen_Qwen3-4B_Qwen_Qwen3-8B,baked_pumpkin_slices,2,0.6,41.5,13.793114224133722,73.5,0.0,0.0,0.0,0.0,0.0,0.0,0.2695010078351441,0.4600000000000001,0.1901375988992088,0.23204590232154942,0.38,0.17156177481997728,0.20689655172413793,0.2413793103448276,0.22413793103448276
Qwen_Qwen3-1.7B_Qwen_Qwen3-4B,baked_pumpkin_slices,2,0.5,28.8,5.418486873657627,74.9,0.0,0.0,0.0,0.0,0.0,0.0,0.591656373780346,0.74,0.5556277056277056,0.08028419611786286,0.1562049935181331,0.23061999448099252,0.10215053763440861,0.1935483870967742,0.1478494623655914
Qwen_Qwen3-1.7B_Qwen_Qwen3-4B,boiled_potato_slices,2,0.4444444444444444,68.5,21.823152842795196,97.55555555555556,0.0,0.0,0.0,0.0,0.0,0.0,0.2821672732903497,0.6,0.21319580536971838,0.1368547446482883,0.3651483716701107,0.10823457028401327,0.11594202898550725,0.13526570048309178,0.12560386473429952
Qwen_Qwen3-1.7B_Qwen_Qwen3-4B,boiled_green_bean_slices,2,0.4,58.0,35.55980877338909,95.6,0.0,0.0,0.0,0.0,0.0,0.0,0.337003262003109,0.5399999999999999,0.245465367965368,0.21326075533609,0.32310988842807026,0.16019716131456302,0.08375634517766498,0.13959390862944163,0.1116751269035533
Qwen_Qwen3-1.7B_Qwen_Qwen3-4B,boiled_corn_slices,2,0.6,31.166666666666668,8.374896350934074,67.3,0.0,0.0,0.0,0.0,0.0,0.0,0.47680919573810154,0.66,0.3716089466089466,0.1829809177453277,0.2690724809414742,0.14674021020984518,0.2653061224489796,0.1326530612244898,0.1989795918367347
Qwen_Qwen3-14B_Qwen_Qwen3-32B,sliced_bell_pepper_and_lentil_stew,4,0.3,107.0,10.198039027185569,116.4,0.018439544463290526,0.025,0.014285714285714285,0.055318633389871585,0.07500000000000001,0.04285714285714285,0.2140867123532712,0.23333333333333334,0.21595238095238095,0.19640291280564257,0.23544022333796766,0.2043345484976796,0.10891089108910891,0.15841584158415842,0.13366336633663367
Qwen_Qwen3-14B_Qwen_Qwen3-32B,boiled_potato_slices,2,0.8,48.625,18.479295846974257,63.7,0.0,0.0,0.0,0.0,0.0,0.0,0.3874404095144506,0.54,0.3178932178932179,0.2683205635499184,0.39038442591886274,0.23196695903883888,0.1896551724137931,0.1896551724137931,0.1896551724137931
Qwen_Qwen3-14B_Qwen_Qwen3-32B,sliced_eggplant_and_chickpea_stew,4,0.7,54.857142857142854,23.393702274809968,75.1,0.04050728486534875,0.05,0.033566433566433566,0.08113080167372888,0.10000000000000002,0.06742361282905705,0.16465851636083118,0.17777777777777778,0.15716089466089467,0.16589026511918498,0.1662958838566196,0.16877492807940067,0.041666666666666664,0.08333333333333333,0.0625
Qwen_Qwen3-14B_Qwen_Qwen3-32B,boiled_corn_slices,2,0.5,47.6,30.65681001017555,84.3,0.0,0.0,0.0,0.0,0.0,0.0,0.2617413022301618,0.28,0.2706959706959707,0.29941142420144534,0.31240998703626616,0.317421830108053,0.02197802197802198,0.04395604395604396,0.03296703296703297
Qwen_Qwen3-14B_Qwen_Qwen3-32B,baked_pumpkin_slices,2,0.7,27.285714285714285,5.062870041905528,55.8,0.0,0.0,0.0,0.0,0.0,0.0,0.2761986646179785,0.36000000000000004,0.22418470418470418,0.3039414231183994,0.4079215610874227,0.2438474611373732,0.0641025641025641,0.10256410256410256,0.08333333333333333
Qwen_Qwen3-14B_Qwen_Qwen3-32B,sliced_pumpkin_and_chickpea_stew,4,0.2,109.0,9.0,118.0,0.04349278835847375,0.075,0.02974828375286041,0.06661709667977393,0.11456439237389598,0.045686428652834614,0.148989327559669,0.23333333333333334,0.11387363392808039,0.1626145993793969,0.2786652489774323,0.11845348710092014,0.03278688524590164,0.11475409836065574,0.07377049180327869
Qwen_Qwen3-14B_Qwen_Qwen3-32B,boiled_green_bean_slices,2,0.7,65.57142857142857,29.446596421595594,82.6,0.0,0.0,0.0,0.0,0.0,0.0,0.24494384982888148,0.32,0.19658119658119658,0.23107450742271982,0.29933259094191533,0.1862023484254027,0.03125,0.09375,0.0625
Qwen_Qwen3-14B_Qwen_Qwen3-32B,sliced_bell_pepper_and_corn_stew,4,0.7,51.57142857142857,8.015291508060308,72.8,0.04055688621182131,0.05,0.034722222222222224,0.0824631618010603,0.10000000000000002,0.07276770498572076,0.1024241589327272,0.12222222222222223,0.08918650793650792,0.14916304838110975,0.1753303759784389,0.12937850652150631,0.015625,0.03125,0.0234375
Qwen_Qwen3-14B_Qwen_Qwen3-32B,sliced_zucchini_and_chickpea_stew,4,0.5555555555555556,57.6,20.60679499582601,85.88888888888889,0.05337248017258981,0.08333333333333333,0.042217813051146386,0.0820811078587456,0.11785113019775792,0.07173885293554463,0.09368799683665416,0.1234567901234568,0.08883572567783093,0.1211637694074804,0.1847732042851329,0.10372026667611486,0.0,0.05,0.025
Qwen_Qwen3-14B_Qwen_Qwen3-4B,baked_pumpkin_slices,2,0.3,57.666666666666664,33.289971796657056,101.6,0.0,0.0,0.0,0.0,0.0,0.0,0.39871572932441424,0.5599999999999999,0.32530663780663777,0.1816831547842062,0.27999999999999997,0.16244387198208526,0.18947368421052632,0.2736842105263158,0.23157894736842105
Qwen_Qwen3-14B_Qwen_Qwen3-4B,boiled_corn_slices,2,0.4,37.25,19.2142525225417,87.3,0.0,0.0,0.0,0.0,0.0,0.0,0.38062424042114934,0.42000000000000004,0.37012987012987014,0.21966655048187567,0.26,0.22241141849560844,0.12,0.28,0.2
Qwen_Qwen3-14B_Qwen_Qwen3-4B,boiled_green_bean_slices,2,0.6,39.166666666666664,12.266711956438131,72.1,0.0,0.0,0.0,0.0,0.0,0.0,0.37272272747635193,0.54,0.29007936507936505,0.2620608665632439,0.3693237062523878,0.2118650013229847,0.19148936170212766,0.23404255319148937,0.2127659574468085
Qwen_Qwen3-14B_Qwen_Qwen3-4B,boiled_potato_slices,2,0.4,54.75,12.968712349342937,94.3,0.0,0.0,0.0,0.0,0.0,0.0,0.27970981215120666,0.5,0.19650326797385623,0.15762052694635645,0.2720294101747089,0.122504511525488,0.11206896551724138,0.1896551724137931,0.15086206896551724
Qwen_Qwen3-4B_Qwen_Qwen3-1.7B,baked_pumpkin_slices,2,0.0,0.0,0.0,120.0,0.0,0.0,0.0,0.0,0.0,0.0,0.394878666993998,0.3,0.6791666666666666,0.22127778678230922,0.161245154965971,0.40313442064789146,0.4230769230769231,0.6153846153846154,0.5192307692307693
Qwen_Qwen3-4B_Qwen_Qwen3-1.7B,boiled_green_bean_slices,2,0.1,96.0,0.0,117.7,0.0,0.0,0.0,0.0,0.0,0.0,0.2888578454898169,0.24000000000000005,0.5699242424242423,0.15411106333987212,0.08,0.43158979207412856,0.11764705882352941,0.09411764705882353,0.10588235294117647
Qwen_Qwen3-4B_Qwen_Qwen3-1.7B,boiled_corn_slices,2,0.1,63.0,0.0,114.4,0.0,0.0,0.0,0.0,0.0,0.0,0.2670208700766749,0.26000000000000006,0.4299999999999999,0.1575037951321078,0.1562049935181331,0.3883583682917393,0.3333333333333333,0.07692307692307693,0.20512820512820512
Qwen_Qwen3-4B_Qwen_Qwen3-1.7B,boiled_potato_slices,2,0.2,73.0,27.0,110.8,0.0,0.0,0.0,0.0,0.0,0.0,0.18010090557789946,0.16,0.2758333333333333,0.10289905384269839,0.08,0.2737205083048522,0.15625,0.10416666666666667,0.13020833333333334
Qwen_Qwen3-1.7B_Qwen_Qwen3-14B,baked_pumpkin_slices,2,0.7,32.0,13.2664991614216,59.1,0.0,0.0,0.0,0.0,0.0,0.0,0.5024900975800295,0.6799999999999999,0.4029004329004328,0.19630729385442997,0.24000000000000005,0.16835750145507727,0.125,0.08189655172413793,0.10344827586206896
Qwen_Qwen3-1.7B_Qwen_Qwen3-14B,sliced_eggplant_and_chickpea_stew,4,0.0,0.0,0.0,120.0,0.0,0.0,0.0,0.0,0.0,0.0,0.08378547713412912,0.07777777777777778,0.09659090909090909,0.11896071870989026,0.111665284679121,0.13438430921050074,0.18248175182481752,0.145985401459854,0.16423357664233576
Qwen_Qwen3-1.7B_Qwen_Qwen3-14B,sliced_bell_pepper_and_corn_stew,4,0.1,64.0,0.0,114.5,0.0,0.0,0.0,0.0,0.0,0.0,0.1489889998067533,0.14444444444444443,0.18102564102564103,0.19627619442250832,0.17950549357115014,0.2720188831198304,0.19047619047619047,0.13988095238095238,0.16517857142857142
Qwen_Qwen3-1.7B_Qwen_Qwen3-14B,boiled_green_bean_slices,2,0.8,26.875,4.456385867493972,46.3,0.0,0.0,0.0,0.0,0.0,0.0,0.6595366642001252,0.78,0.5903318903318903,0.06432186976853516,0.06000000000000001,0.15763025713415899,0.11313868613138686,0.13503649635036497,0.12408759124087591
Qwen_Qwen3-1.7B_Qwen_Qwen3-14B,boiled_corn_slices,2,0.5,36.2,18.65904606350496,78.6,0.0,0.0,0.0,0.0,0.0,0.0,0.4774495673757224,0.6,0.4201269841269841,0.3085242807947868,0.3577708763999664,0.30253885640887224,0.0945273631840796,0.10945273631840796,0.10199004975124379
Qwen_Qwen3-1.7B_Qwen_Qwen3-14B,sliced_zucchini_and_chickpea_stew,4,0.0,0.0,0.0,120.0,0.00845508582856508,0.025,0.004878048780487805,0.02536525748569524,0.07500000000000001,0.014634146341463417,0.12012390092640361,0.12222222222222223,0.13377039627039627,0.14677500595093285,0.1527525231651947,0.15452659145870926,0.1276595744680851,0.014893617021276596,0.07127659574468084
Qwen_Qwen3-1.7B_Qwen_Qwen3-14B,boiled_potato_slices,2,0.6,42.5,25.682354513037417,74.1,0.0,0.0,0.0,0.0,0.0,0.0,0.3664542993545349,0.54,0.28756473141553784,0.2845555529049101,0.33526109228480416,0.24019986415024835,0.11904761904761904,0.15079365079365079,0.1349206349206349
Qwen_Qwen3-1.7B_Qwen_Qwen3-14B,sliced_bell_pepper_and_lentil_stew,4,0.1,117.0,0.0,119.8,0.0,0.0,0.0,0.0,0.0,0.0,0.11025772521978432,0.16666666666666669,0.08728937728937729,0.16539142456339745,0.2732971972499743,0.13356037205072852,0.1685185185185185,0.040740740740740744,0.10462962962962963
Qwen_Qwen3-1.7B_Qwen_Qwen3-14B,sliced_pumpkin_and_chickpea_stew,4,0.1,70.0,0.0,115.1,0.0,0.0,0.0,0.0,0.0,0.0,0.15361009869277062,0.17777777777777778,0.16221853585011475,0.12929353664753784,0.16629588385661961,0.12606670539362227,0.2536443148688047,0.05539358600583091,0.15451895043731778
Qwen_Qwen3-1.7B_Qwen_Qwen3-1.7B,sliced_bell_pepper_and_lentil_stew,4,0.0,0.0,0.0,120.0,0.0,0.0,0.0,0.0,0.0,0.0,0.14598193386901512,0.09999999999999999,0.45,0.07996401541827913,0.05983516452371671,0.3804237403504443,0.23880597014925373,0.15671641791044777,0.19776119402985076
Qwen_Qwen3-1.7B_Qwen_Qwen3-1.7B,boiled_potato_slices,2,0.0,0.0,0.0,120.0,0.0,0.0,0.0,0.0,0.0,0.0,0.1425807650335294,0.15999999999999998,0.209375,0.1856853851508472,0.17435595774162693,0.3228094580097608,0.0995260663507109,0.037914691943127965,0.06872037914691943
Qwen_Qwen3-1.7B_Qwen_Qwen3-1.7B,sliced_zucchini_and_chickpea_stew,4,0.0,0.0,0.0,120.0,0.0,0.0,0.0,0.0,0.0,0.0,0.12095365324491643,0.11111111111111112,0.1756060606060606,0.11159281789091177,0.12171612389003691,0.1641999973156434,0.44651162790697674,0.3813953488372093,0.413953488372093
Qwen_Qwen3-1.7B_Qwen_Qwen3-1.7B,boiled_corn_slices,2,0.0,0.0,0.0,120.0,0.0,0.0,0.0,0.0,0.0,0.0,0.3025385697663484,0.24,0.475,0.2182914475806346,0.17435595774162693,0.37277115410575073,0.2692307692307692,0.23076923076923078,0.25
Qwen_Qwen3-1.7B_Qwen_Qwen3-1.7B,sliced_pumpkin_and_chickpea_stew,4,0.0,0.0,0.0,120.0,0.0,0.0,0.0,0.0,0.0,0.0,0.15707756341042062,0.1222222222222222,0.3579487179487179,0.1280600085732496,0.09229582069908972,0.35652682100508154,0.2490118577075099,0.17391304347826086,0.21146245059288538
Qwen_Qwen3-1.7B_Qwen_Qwen3-1.7B,baked_pumpkin_slices,2,0.0,0.0,0.0,120.0,0.0,0.0,0.0,0.0,0.0,0.0,0.3292434841981814,0.26000000000000006,0.5976190476190476,0.22535779186620158,0.18,0.4121799246074863,0.23728813559322035,0.12429378531073447,0.1807909604519774
Qwen_Qwen3-1.7B_Qwen_Qwen3-1.7B,sliced_eggplant_and_chickpea_stew,4,0.0,0.0,0.0,120.0,0.0,0.0,0.0,0.0,0.0,0.0,0.2678851416937988,0.18888888888888888,0.6211904761904762,0.1125955043653153,0.08678055195451836,0.34110240447721274,0.26635514018691586,0.2570093457943925,0.2616822429906542
Qwen_Qwen3-1.7B_Qwen_Qwen3-1.7B,sliced_bell_pepper_and_corn_stew,4,0.0,0.0,0.0,120.0,0.0,0.0,0.0,0.0,0.0,0.0,0.1772538535666653,0.16666666666666666,0.3314402607308786,0.16436511252977506,0.12422599874998833,0.37197633776037753,0.37549407114624506,0.31225296442687744,0.3438735177865613
Qwen_Qwen3-1.7B_Qwen_Qwen3-1.7B,boiled_green_bean_slices,2,0.0,0.0,0.0,120.0,0.0,0.0,0.0,0.0,0.0,0.0,0.3610022002536673,0.34,0.41,0.19369877706326827,0.2009975124224178,0.20604745947367453,0.11864406779661017,0.11380145278450363,0.11622276029055689
Qwen_Qwen3-32B_Qwen_Qwen3-8B,sliced_eggplant_and_chickpea_stew,4,0.3,71.33333333333333,27.20702523654915,105.7,0.0893667465612682,0.1375,0.06683463221949397,0.13093858130032202,0.19724667297574375,0.09882969424753461,0.11163371818624053,0.2,0.1102997631299518,0.0944117007682599,0.22662308949301266,0.10903262889080974,0.03333333333333333,0.11666666666666667,0.075
Qwen_Qwen3-32B_Qwen_Qwen3-8B,sliced_bell_pepper_and_corn_stew,4,0.4,63.25,27.50795339533641,97.7,0.031784288937627685,0.05,0.022857142857142857,0.06406212926900888,0.10000000000000002,0.04650116425041411,0.0967743526204357,0.12222222222222223,0.10412353347135957,0.09486932540075693,0.11600340565456166,0.12014197916070465,0.02531645569620253,0.0759493670886076,0.05063291139240506
Qwen_Qwen3-32B_Qwen_Qwen3-8B,baked_pumpkin_slices,2,0.3,26.666666666666668,5.90668171555645,92.3,0.0,0.0,0.0,0.0,0.0,0.0,0.16623711813882208,0.24000000000000005,0.12449494949494948,0.23598741249756608,0.33226495451672305,0.1792753227946507,0.13114754098360656,0.22950819672131148,0.18032786885245902
Qwen_Qwen3-32B_Qwen_Qwen3-8B,sliced_pumpkin_and_chickpea_stew,4,0.4,60.25,22.818577957445115,96.5,0.06563268972080424,0.0875,0.059200558213716115,0.09279833309348033,0.1125,0.09965695931687102,0.13573107955870553,0.16666666666666669,0.12311882561882562,0.10745278296729671,0.14272480642961255,0.08924150876871909,0.02976190476190476,0.07142857142857142,0.050595238095238096
Qwen_Qwen3-32B_Qwen_Qwen3-8B,sliced_bell_pepper_and_lentil_stew,4,0.6,89.33333333333333,15.648926125740669,102.2,0.03694976903431039,0.05,0.028717948717948714,0.07398783545310086,0.10000000000000002,0.05761875653410518,0.16875014314298134,0.3,0.12092568820425047,0.11462071906934311,0.2168802366215904,0.084496087559777,0.04072398190045249,0.13574660633484162,0.08823529411764705
Qwen_Qwen3-32B_Qwen_Qwen3-8B,boiled_potato_slices,2,0.5,49.6,22.5619148123558,85.3,0.0,0.0,0.0,0.0,0.0,0.0,0.19699500684297339,0.3,0.14687312687312687,0.20568529049007744,0.33763886032268264,0.1456340750754096,0.10810810810810811,0.12162162162162163,0.11486486486486487
Qwen_Qwen3-32B_Qwen_Qwen3-8B,boiled_green_bean_slices,2,0.5,48.2,8.133879763065101,84.6,0.0,0.0,0.0,0.0,0.0,0.0,0.19057494926805923,0.34,0.1309456797072896,0.21622546049746813,0.38,0.1518052522338519,0.03125,0.125,0.078125
Qwen_Qwen3-32B_Qwen_Qwen3-8B,sliced_zucchini_and_chickpea_stew,4,0.0,0.0,0.0,120.0,0.037741776803421036,0.05555555555555555,0.027886710239651415,0.0706817817248553,0.10393492741038726,0.05230210401088856,0.1952952659908046,0.20987654320987653,0.21908196074862743,0.15974285678206077,0.15220775315972782,0.19348861368540626,0.06349206349206349,0.1111111111111111,0.0873015873015873
Qwen_Qwen3-32B_Qwen_Qwen3-8B,boiled_corn_slices,2,0.4,61.75,24.722206616724165,97.1,0.024761388286334056,0.06,0.015,0.07428416485900216,0.18,0.045,0.21158658955622817,0.4,0.14176691729323307,0.20477913397089906,0.3898717737923586,0.13726073711308318,0.09090909090909091,0.12121212121212122,0.10606060606060606
Qwen_Qwen3-1.7B_Qwen_Qwen3-32B,boiled_corn_slices,2,0.5,44.6,14.60958589419974,82.8,0.0,0.0,0.0,0.0,0.0,0.0,0.2527666443308041,0.44000000000000006,0.18359638308551351,0.24528172290088082,0.36660605559646725,0.19669630166498914,0.215962441314554,0.10328638497652583,0.1596244131455399
Qwen_Qwen3-1.7B_Qwen_Qwen3-32B,sliced_pumpkin_and_chickpea_stew,4,0.0,0.0,0.0,120.0,0.0,0.0,0.0,0.0,0.0,0.0,0.04505565809841354,0.05555555555555556,0.03769230769230769,0.07962016457598291,0.10243938285880985,0.06458332538016112,0.334375,0.115625,0.22499999999999998
Qwen_Qwen3-1.7B_Qwen_Qwen3-32B,sliced_bell_pepper_and_corn_stew,4,0.1,68.0,0.0,114.9,0.0,0.0,0.0,0.0,0.0,0.0,0.2219358142106364,0.21111111111111108,0.3302380952380953,0.18047556752192376,0.19531550923607718,0.35419385649931795,0.22093023255813954,0.3,0.26046511627906976
Qwen_Qwen3-1.7B_Qwen_Qwen3-32B,sliced_eggplant_and_chickpea_stew,4,0.2222222222222222,73.5,2.5,109.88888888888889,0.0,0.0,0.0,0.0,0.0,0.0,0.19264751867010926,0.2469135802469136,0.17074873596612725,0.16788237379885182,0.2269725470475338,0.15637309045144415,0.16304347826086957,0.057065217391304345,0.11005434782608696
Qwen_Qwen3-1.7B_Qwen_Qwen3-32B,sliced_bell_pepper_and_lentil_stew,4,0.0,0.0,0.0,120.0,0.0,0.0,0.0,0.0,0.0,0.0,0.14631900662356204,0.1728395061728395,0.130519244734931,0.1962301096598926,0.22897823445668405,0.1817980278601226,0.17346938775510204,0.10714285714285714,0.14030612244897958
Qwen_Qwen3-1.7B_Qwen_Qwen3-32B,baked_pumpkin_slices,2,0.6,27.0,5.41602560309064,64.8,0.0,0.0,0.0,0.0,0.0,0.0,0.3126660172041043,0.48,0.23259146082675491,0.2674910480782908,0.3919183588453085,0.2095973048523806,0.3130699088145897,0.1641337386018237,0.2386018237082067
Qwen_Qwen3-1.7B_Qwen_Qwen3-32B,boiled_potato_slices,2,0.7,31.428571428571427,6.184245949118104,58.7,0.0,0.0,0.0,0.0,0.0,0.0,0.4361777947111826,0.6599999999999999,0.32939837939837935,0.23398320952030838,0.3352610922848042,0.19335984279948804,0.21818181818181817,0.23636363636363636,0.22727272727272727
Qwen_Qwen3-1.7B_Qwen_Qwen3-32B,boiled_green_bean_slices,2,0.8,42.75,23.365305476282565,59.0,0.0,0.0,0.0,0.0,0.0,0.0,0.45864847118075874,0.78,0.3461823629586787,0.1483421799492876,0.20880613017821104,0.1368915999815106,0.2930232558139535,0.23255813953488372,0.2627906976744186
Qwen_Qwen3-1.7B_Qwen_Qwen3-32B,sliced_zucchini_and_chickpea_stew,4,0.0,0.0,0.0,120.0,0.0,0.0,0.0,0.0,0.0,0.0,0.16665233369317006,0.2,0.14826839826839827,0.20507050591318327,0.257240820062005,0.18295677812394476,0.1828793774319066,0.0933852140077821,0.13813229571984437
Qwen_Qwen3-8B_Qwen_Qwen3-8B,boiled_corn_slices,2,0.3,61.333333333333336,35.83604640891936,102.7,0.0,0.0,0.0,0.0,0.0,0.0,0.23275312158038214,0.38,0.1680515562868504,0.2397210945505646,0.40447496832313373,0.17217810000295922,0.07272727272727272,0.09090909090909091,0.08181818181818182
Qwen_Qwen3-8B_Qwen_Qwen3-8B,sliced_bell_pepper_and_lentil_stew,4,0.2,103.5,12.5,116.9,0.012828725556304788,0.025,0.008333333333333333,0.038486176668914365,0.07500000000000001,0.024999999999999998,0.10130114198133473,0.13333333333333336,0.10450434578341557,0.14201747086454827,0.19116278371205836,0.1430993037336369,0.05128205128205128,0.13675213675213677,0.09401709401709402
Qwen_Qwen3-8B_Qwen_Qwen3-8B,boiled_green_bean_slices,2,0.2,38.0,14.0,103.8,0.0,0.0,0.0,0.0,0.0,0.0,0.3231368990316044,0.42000000000000004,0.3282439782439782,0.2533285171604343,0.3515679166249389,0.3036469379530051,0.06993006993006994,0.11888111888111888,0.0944055944055944
Qwen_Qwen3-8B_Qwen_Qwen3-8B,boiled_potato_slices,2,0.4,36.5,7.5,87.0,0.0,0.0,0.0,0.0,0.0,0.0,0.28574851280048563,0.4,0.22644422244422246,0.28444252166032435,0.3898717737923586,0.2309031996007721,0.07017543859649122,0.08771929824561403,0.07894736842105263
Qwen_Qwen3-8B_Qwen_Qwen3-8B,sliced_eggplant_and_chickpea_stew,4,0.0,0.0,0.0,120.0,0.027496955414708885,0.0625,0.01699074074074074,0.04454802311969871,0.10077822185373188,0.02759977690462706,0.10626317085808432,0.2,0.07585155041037395,0.10760651589352256,0.19751543149590198,0.08082623401618676,0.04672897196261682,0.08411214953271028,0.06542056074766354
Qwen_Qwen3-8B_Qwen_Qwen3-8B,sliced_pumpkin_and_chickpea_stew,4,0.3,54.666666666666664,8.806563209081938,100.7,0.004910152595412459,0.025,0.0025974025974025974,0.01473045778623738,0.07500000000000001,0.007792207792207792,0.11416014606510265,0.16666666666666669,0.0889033189033189,0.152687813229168,0.21227747971714223,0.12528974932464734,0.06756756756756757,0.10810810810810811,0.08783783783783784
Qwen_Qwen3-8B_Qwen_Qwen3-8B,baked_pumpkin_slices,2,0.4,32.25,6.832825184358224,85.3,0.0,0.0,0.0,0.0,0.0,0.0,0.22855689564359313,0.33999999999999997,0.17625359118006176,0.24519448138897137,0.34698703145794946,0.195737290041748,0.1346153846153846,0.2692307692307692,0.20192307692307693
Qwen_Qwen3-8B_Qwen_Qwen3-8B,sliced_zucchini_and_chickpea_stew,4,0.3,79.66666666666667,32.86673427984932,108.2,0.02684765368203439,0.0375,0.022631578947368423,0.06690690457040735,0.08003905296791061,0.05964112433473532,0.08763225727951503,0.16666666666666666,0.06739248405915073,0.12929752756619717,0.20637972912229677,0.10952982323967687,0.017094017094017096,0.06837606837606838,0.042735042735042736
Qwen_Qwen3-8B_Qwen_Qwen3-8B,sliced_bell_pepper_and_corn_stew,4,0.3,70.33333333333333,15.58489297008128,105.4,0.058288859535132666,0.1,0.040996072341980265,0.07399225925515862,0.12247448713915891,0.05376792809232301,0.1640115856813539,0.28888888888888886,0.14183737830796653,0.14149843373962329,0.30711722135745007,0.11708628381809028,0.03125,0.07291666666666667,0.052083333333333336
