model,order,level,success_rate,time_avg,time_var,steps,mean_f1_agent_0,mean_similarity_agent_0,mean_redundancy_agent_0,std_f1_agent_0,std_similarity_agent_0,std_redundancy_agent_0,mean_f1_agent_1,mean_similarity_agent_1,mean_redundancy_agent_1,std_f1_agent_1,std_similarity_agent_1,std_redundancy_agent_1,initiate_collaboration,respond_collaboration,overall_collaboration
Qwen_Qwen3-32B_Qwen_Qwen3-8B,1_boiled_egg,1,1.0,0.0,0.0,21,1.0,1.0,1.0,0.0,0.0,0.0,0.58426103646833,1.0,0.4,0.0,0.0,0.0,0.25,0.375,0.3125
Qwen_Qwen3-32B_Qwen_Qwen3-8B,3_baked_bell_pepper_soup,3,0.0,0.0,0.0,120,0.0,0.0,0.0,0.0,0.0,0.0,0.1331649585379650,0.5238095238095240,0.07392561719863060,0.0661181063230719,0.2693740118805900,0.03689204168580160,0.09574468085106380,0.10638297872340400,0.10106382978723400
Qwen_Qwen3-32B_Qwen_Qwen3-8B,5_mashed_carrot_and_chickpea_patty,5,0.0,0.0,0.0,120,0.0,0.0,0.0,0.0,0.0,0.0,0.047131731591936300,0.10714285714285700,0.030176386794033900,0.01838296880547450,0.06185895741317420,0.011298257428456300,0.061371841155234700,0.06498194945848380,0.0631768953068592
Qwen_Qwen3-32B_Qwen_Qwen3-8B,1_baked_sweet_potato,1,1.0,0.0,0.0,19,1.0,1.0,1.0,0.0,0.0,0.0,0.5907909755837820,1.0,0.4214285714285710,0.13336895299280200,0.0,0.14729226503068100,0.5185185185185190,0.4444444444444440,0.48148148148148100
Qwen_Qwen3-32B_Qwen_Qwen3-8B,5_mashed_broccoli_and_bean_patty,5,0.0,0.0,0.0,120,0.0,0.0,0.0,0.0,0.0,0.0,0.04682156166358540,0.11904761904761900,0.028115270834140700,0.025641118679932000,0.06734350297014740,0.015197522255366100,0.12698412698412700,0.10052910052910100,0.11375661375661400
Qwen_Qwen3-32B_Qwen_Qwen3-8B,1_baked_bell_pepper,1,1.0,0.0,0.0,20,0.9362049922686110,1.0,0.8857142857142860,0.07813260853940600,0.0,0.13997084244475300,0.659454702837338,1.0,0.48,0.03759683318450400,0.0,0.040000000000000000,0.5666666666666670,0.5,0.5333333333333330
Qwen_Qwen3-32B_Qwen_Qwen3-8B,3_baked_carrot_soup,3,0.0,0.0,0.0,120,0.0,0.0,0.0,0.0,0.0,0.0,0.05964101045314800,0.2571428571428570,0.03226056275236600,0.05429450981823390,0.22857142857142900,0.029423618871617300,0.10625,0.090625,0.0984375
Qwen_Qwen3-14B_Qwen_Qwen3-1.7B,5_mashed_broccoli_and_bean_patty,5,0.0,0.0,0.0,120,0.0,0.0,0.0,0.0,0.0,0.0,0.08051138659286590,0.047619047619047600,0.4444444444444440,0.05720791451857070,0.03367175148507370,0.41573970964154900,0.45353159851301100,0.13382899628252800,0.2936802973977700
Qwen_Qwen3-14B_Qwen_Qwen3-1.7B,5_mashed_carrot_and_chickpea_patty,5,0.0,0.0,0.0,120,0.0,0.0,0.0,0.0,0.0,0.0,0.12024516879676700,0.07142857142857140,0.7916666666666670,0.012848309539145400,0.0,0.36084391824351600,0.06565656565656570,0.1111111111111110,0.08838383838383840
Qwen_Qwen3-14B_Qwen_Qwen3-1.7B,3_baked_carrot_soup,3,0.0,0.0,0.0,120,0.0,0.0,0.0,0.0,0.0,0.0,0.2478288707674650,0.17857142857142900,0.6625,0.05392379821148930,0.06185895741317420,0.34164125921791100,0.20496894409937900,0.14285714285714300,0.17391304347826100
Qwen_Qwen3-14B_Qwen_Qwen3-1.7B,1_baked_bell_pepper,1,0.25,0.0,0.0,120,0.25,0.25,0.25,0.4330127018922190,0.4330127018922190,0.4330127018922190,0.6936732302211680,0.625,0.9166666666666670,0.06617093530329200,0.21650635094611000,0.14433756729740600,0.23873873873873900,0.2072072072072070,0.22297297297297300
Qwen_Qwen3-14B_Qwen_Qwen3-1.7B,1_baked_sweet_potato,1,0.3333333333333330,0.0,0.0,120,0.3333333333333330,0.3333333333333330,0.3333333333333330,0.4714045207910320,0.4714045207910320,0.4714045207910320,0.5622780428694800,0.6666666666666670,0.7407407407407410,0.13179251355138400,0.23570226039551600,0.36664796061524700,0.42857142857142900,0.3630952380952380,0.3958333333333330
Qwen_Qwen3-14B_Qwen_Qwen3-1.7B,3_baked_bell_pepper_soup,3,0.0,0.0,0.0,120,0.0,0.0,0.0,0.0,0.0,0.0,0.20811678040403100,0.14285714285714300,0.7142857142857140,0.04614553224718100,0.0,0.40406101782088400,0.07954545454545450,0.20075757575757600,0.14015151515151500
Qwen_Qwen3-1.7B_Qwen_Qwen3-4B,5_mashed_broccoli_and_bean_patty,5,0.0,0.0,0.0,120,0.0,0.0,0.0,0.0,0.0,0.0,0.05738618304333690,0.07142857142857140,0.04782653802261650,0.006231252984118810,0.0,0.008895508293485220,0.022727272727272700,0.022727272727272700,0.022727272727272700
Qwen_Qwen3-1.7B_Qwen_Qwen3-4B,1_baked_sweet_potato,1,0.0,0.0,0.0,120,0.24683749594550800,0.20000000000000000,0.3333333333333330,0.34908093446835100,0.282842712474619,0.4714045207910320,0.21250895335044000,1.0,0.11351909184726500,0.009749937440337810,0.0,0.005837826882861080,0.07258064516129030,0.024193548387096800,0.04838709677419360
Qwen_Qwen3-1.7B_Qwen_Qwen3-4B,3_baked_carrot_soup,3,0.0,0.0,0.0,120,0.0,0.0,0.0,0.0,0.0,0.0,0.07268227693422410,0.14285714285714300,0.04743393009377660,0.008981149916520840,0.0,0.008177889056776730,0.046296296296296300,0.009259259259259260,0.027777777777777800
Qwen_Qwen3-1.7B_Qwen_Qwen3-4B,1_baked_bell_pepper,1,0.0,0.0,0.0,120,0.6011153420251390,0.4666666666666670,1.0,0.1971373341625590,0.18856180831641300,0.0,0.1832398684753300,1.0,0.09775641025641030,0.06721161024366180,0.0,0.0400961410358872,0.07692307692307690,0.038461538461538500,0.057692307692307700
Qwen_Qwen3-1.7B_Qwen_Qwen3-4B,5_mashed_cauliflower_and_lentil_patty,5,0.0,0.0,0.0,120,0.0,0.0,0.0,0.0,0.0,0.0,0.07672238212962840,0.07142857142857140,0.08391608391608390,0.0027886407519931400,0.0,0.006993006993006990,0.03296703296703300,0.01098901098901100,0.02197802197802200
Qwen_Qwen3-1.7B_Qwen_Qwen3-4B,5_mashed_carrot_and_chickpea_patty,5,0.0,0.0,0.0,120,0.0,0.0,0.0,0.0,0.0,0.0,0.056557265780477900,0.07142857142857140,0.04631578947368420,0.004523077746289880,0.0,0.006315789473684210,0.0625,0.010416666666666700,0.036458333333333300
Qwen_Qwen3-1.7B_Qwen_Qwen3-4B,1_boiled_egg,1,0.0,0.0,0.0,120,0.2468374959455080,0.2,0.3333333333333330,0.0,0.0,0.0,0.24489139179404700,1.0,0.13333333333333300,0.0,0.0,0.0,0.06557377049180330,0.01639344262295080,0.04098360655737710
Qwen_Qwen3-1.7B_Qwen_Qwen3-4B,3_baked_bell_pepper_soup,3,0.0,0.0,0.0,120,0.0,0.0,0.0,0.0,0.0,0.0,0.07908174797555430,0.14285714285714300,0.05302471865939360,0.004840044219572360,0.0,0.004582650047422390,0.09090909090909090,0.020202020202020200,0.05555555555555560
Qwen_Qwen3-14B_Qwen_Qwen3-32B,1_baked_sweet_potato,1,1.0,0.0,0.0,23,1.0,1.0,1.0,0.0,0.0,0.0,0.5346973154846720,1.0,0.3611111111111110,0.1094812471883510,0.0,0.10393492741038700,0.8,0.8,0.8
Qwen_Qwen3-14B_Qwen_Qwen3-32B,1_boiled_egg,1,1.0,0.0,0.0,18,1.0,1.0,1.0,0.0,0.0,0.0,0.511688917991439,1.0,0.35,0.166564201438151,0.0,0.15,0.25,0.5,0.375
Qwen_Qwen3-14B_Qwen_Qwen3-32B,3_baked_carrot_soup,3,1.0,0.0,0.0,38,1.0000000000000000,1.0,1.0,1.11022302462516E-16,0.0,0.0,0.6791969746799910,1.0,0.5601851851851850,0.23110644462232000,0.0,0.3135185732099450,0.34782608695652200,0.30434782608695700,0.32608695652173900
Qwen_Qwen3-14B_Qwen_Qwen3-32B,3_baked_bell_pepper_soup,3,1.0,0.0,0.0,51,1.0000000000000000,1.0,1.0,1.11022302462516E-16,0.0,0.0,0.6294768876599470,0.9047619047619050,0.482010582010582,0.14703357331149700,0.13468700594029500,0.1546856864729870,0.3770491803278690,0.4426229508196720,0.4098360655737710
Qwen_Qwen3-14B_Qwen_Qwen3-32B,1_baked_bell_pepper,1,1.0,0.0,0.0,18,1.0,1.0,1.0,0.0,0.0,0.0,0.6939157945375280,1.0,0.5583333333333330,0.18616770138426400,0.0,0.26180463454008300,0.7368421052631580,0.7368421052631580,0.7368421052631580
Qwen_Qwen3-14B_Qwen_Qwen3-32B,5_mashed_broccoli_and_bean_patty,5,0.0,0.0,0.0,120,0.3147559228988860,0.3076923076923080,0.3433048433048430,0.047678185610776900,0.0,0.11616457571438800,0.24940207415641600,0.5,0.16129108648290200,0.02721811342727860,0.0,0.024221245233830000,0.19230769230769200,0.17307692307692300,0.1826923076923080
Qwen_Qwen3-14B_Qwen_Qwen3-32B,5_mashed_carrot_and_chickpea_patty,5,0.0,0.0,0.0,120,0.40723209226886500,0.4871794871794870,0.3508169934640520,0.06977679421690240,0.07252377242938950,0.08192420038094200,0.2859243910285370,0.5,0.1961926961926960,0.03874842356722820,0.0,0.038948011663225000,0.1532258064516130,0.16129032258064500,0.15725806451612900
Qwen_Qwen3-14B_Qwen_Qwen3-32B,3_baked_mushroom_soup,3,1.0,0.0,0.0,83,1.0000000000000000,1.0,1.0,0.0,0.0,0.0,0.3848441786321070,1.0,0.22962962962963000,0.03971946207881950,0.0,0.029629629629629600,0.2786885245901640,0.22950819672131100,0.2540983606557380
Qwen_Qwen3-14B_Qwen_Qwen3-14B,5_mashed_carrot_and_chickpea_patty,5,0.0,0.0,0.0,120,0.33269112502993100,0.3653846153846150,0.3363340601392070,0.13304432400548400,0.15741063022831600,0.18021579431740200,0.22298302655543800,0.4642857142857140,0.14194730195518000,0.08100401397166690,0.15567496226931000,0.053704627211159800,0.23737373737373700,0.20959595959596000,0.22348484848484800
Qwen_Qwen3-14B_Qwen_Qwen3-14B,5_mashed_sweet_potato_and_bean_patty,5,0.0,0.0,0.0,120,0.10408616857582500,0.12307692307692300,0.08888888888888890,0.17744325989752500,0.20981817995362900,0.15153535218873200,0.21487907974466400,0.45714285714285700,0.1356062274656170,0.07792056810249370,0.1665986255670090,0.04925239388860670,0.2815126050420170,0.21008403361344500,0.2457983193277310
Qwen_Qwen3-14B_Qwen_Qwen3-14B,5_mashed_cauliflower_and_lentil_patty,5,0.0,0.0,0.0,120,0.01433820065944420,0.015384615384615400,0.013333333333333300,0.028676401318888400,0.03076923076923080,0.026666666666666700,0.1641150506201010,0.32857142857142900,0.10594158693603700,0.08899070112992030,0.16659862556700900,0.05891065708156850,0.17045454545454500,0.14393939393939400,0.1571969696969700
Qwen_Qwen3-14B_Qwen_Qwen3-14B,3_baked_mushroom_soup,3,0.0,0.0,0.0,120,0.09594049420070600,0.1111111111111110,0.08333333333333330,0.0,0.0,0.0,0.32970229621835700,1.0,0.1891891891891890,0.0,0.0,0.0,0.1388888888888890,0.16666666666666700,0.1527777777777780
Qwen_Qwen3-14B_Qwen_Qwen3-14B,5_mashed_broccoli_and_bean_patty,5,0.0,0.0,0.0,120,0.13656765566388800,0.1346153846153850,0.1402874902874900,0.179260135406266,0.17937267409786200,0.18000765027307400,0.19938981600442100,0.4464285714285710,0.12394332881353600,0.06051416656539010,0.12752550765255100,0.03902059221984940,0.19114219114219100,0.13986013986014000,0.1655011655011660
Qwen_Qwen3-14B_Qwen_Qwen3-14B,5_mashed_potato_and_pea_patty,5,0.0,0.0,0.0,120,0.07377588344877560,0.09230769230769230,0.060606060606060600,0.09061073202942660,0.113053372743839,0.0748429638498695,0.16968362409086400,0.35714285714285700,0.10768267581475100,0.08011175358290020,0.15649215928719000,0.0524993165161125,0.1969111969111970,0.13127413127413100,0.1640926640926640
Qwen_Qwen3-14B_Qwen_Qwen3-14B,1_baked_bell_pepper,1,1.0,0.0,0.0,17,1.0,1.0,1.0,0.0,0.0,0.0,0.871301247771836,1.0,0.8,0.15762313674594100,0.0,0.2449489742783180,0.55,0.75,0.65
Qwen_Qwen3-14B_Qwen_Qwen3-14B,1_baked_sweet_potato,1,1.0,0.0,0.0,26,0.893674987114351,1.0,0.8095238095238100,0.0751831376211895,0.0,0.13468700594029500,0.578041159725083,1.0,0.4166666666666670,0.1678929479310610,0.0,0.1800205749557740,0.5714285714285710,0.7142857142857140,0.6428571428571430
Qwen_Qwen3-14B_Qwen_Qwen3-14B,3_baked_bell_pepper_soup,3,0.6666666666666670,0.0,0.0,63,0.6504668874245510,0.7037037037037040,0.6071428571428570,0.40165578776402600,0.41902624070313900,0.39231564412581100,0.4660288220142620,0.9047619047619050,0.3113753936122360,0.1724899614096600,0.13468700594029500,0.13255561056745200,0.32,0.25333333333333300,0.2866666666666670
Qwen_Qwen3-14B_Qwen_Qwen3-14B,3_baked_carrot_soup,3,0.25,0.0,0.0,120,0.3276627971642770,0.33333333333333300,0.32909982174688100,0.3886446990420730,0.3849001794597510,0.3893185320225710,0.3694029307768840,1.0,0.22269276558270000,0.10203469120309300,0.0,0.07870513528165250,0.29464285714285700,0.23214285714285700,0.26339285714285700
Qwen_Qwen3-0.6B_Qwen_Qwen3-1.7B,5_mashed_carrot_and_chickpea_patty,5,0.0,0.0,0.0,120,0.0,0.0,0.0,0.0,0.0,0.0,0.11494682060124900,0.07142857142857140,0.5466666666666670,0.011146254753138100,0.0,0.3733333333333330,0.02729044834307990,0.03898635477582850,0.03313840155945420
Qwen_Qwen3-0.6B_Qwen_Qwen3-1.7B,5_mashed_potato_and_pea_patty,5,0.0,0.0,0.0,120,0.0,0.0,0.0,0.0,0.0,0.0,0.0,0.0,0.0,0.0,0.0,0.0,0.2871287128712870,0.27722772277227700,0.2821782178217820
Qwen_Qwen3-0.6B_Qwen_Qwen3-1.7B,1_baked_sweet_potato,1,0.0,0.0,0.0,120,0.0,0.0,0.0,0.0,0.0,0.0,0.6317332940969660,0.6666666666666670,0.8000000000000000,0.03356795528744300,0.23570226039551600,0.282842712474619,0.09206349206349210,0.047619047619047600,0.06984126984126980
Qwen_Qwen3-0.6B_Qwen_Qwen3-1.7B,5_mashed_broccoli_and_bean_patty,5,0.0,0.0,0.0,120,0.0,0.0,0.0,0.0,0.0,0.0,0.03425613324330410,0.023809523809523800,0.06666666666666670,0.04844548822714050,0.03367175148507370,0.09428090415820640,0.15,0.05357142857142860,0.10178571428571400
Qwen_Qwen3-0.6B_Qwen_Qwen3-1.7B,1_baked_bell_pepper,1,0.0,0.0,0.0,120,0.19698287939334100,0.20000000000000000,0.25,0.1398916633875540,0.16329931618554500,0.2041241452319320,0.47254183690599500,1.0,0.30264550264550300,0.08573004260422990,0.0,0.07355829501368370,0.09246575342465750,0.07534246575342470,0.0839041095890411
Qwen_Qwen3-0.6B_Qwen_Qwen3-1.7B,3_baked_carrot_soup,3,0.0,0.0,0.0,120,0.0,0.0,0.0,0.0,0.0,0.0,0.1749075018149990,0.14285714285714300,0.43333333333333300,0.050282222519457600,0.0,0.40276819911981900,0.019543973941368100,0.03908794788273620,0.029315960912052100
Qwen_Qwen3-0.6B_Qwen_Qwen3-1.7B,3_baked_mushroom_soup,3,0.0,0.0,0.0,120,0.0,0.0,0.0,0.0,0.0,0.0,0.0,0.0,0.0,0.0,0.0,0.0,0.09090909090909090,0.17272727272727300,0.13181818181818200
Qwen_Qwen3-0.6B_Qwen_Qwen3-1.7B,3_baked_bell_pepper_soup,3,0.0,0.0,0.0,120,0.0,0.0,0.0,0.0,0.0,0.0,0.12786791401153900,0.09523809523809520,0.38095238095238100,0.09885423271976240,0.06734350297014740,0.4416008807378910,0.07473309608540930,0.05693950177935940,0.06583629893238430
Qwen_Qwen3-0.6B_Qwen_Qwen3-1.7B,1_boiled_egg,1,0.0,0.0,0.0,120,0.0913346135381661,0.1,0.08333333333333330,0.0913346135381661,0.1,0.08333333333333330,0.7318770375310530,0.75,0.8333333333333330,0.07640761461976990,0.25,0.16666666666666700,0.06018518518518520,0.041666666666666700,0.05092592592592590
Qwen_Qwen3-0.6B_Qwen_Qwen3-1.7B,5_mashed_cauliflower_and_lentil_patty,5,0.0,0.0,0.0,120,0.0,0.0,0.0,0.0,0.0,0.0,0.0,0.0,0.0,0.0,0.0,0.0,0.15656565656565700,0.18181818181818200,0.1691919191919190
Qwen_Qwen3-4B_Qwen_Qwen3-1.7B,3_baked_bell_pepper_soup,3,0.0,0.0,0.0,120,0.0,0.0,0.0,0.0,0.0,0.0,0.23818571096547100,0.19047619047619000,0.5740740740740740,0.12661867125526800,0.06734350297014740,0.3910872607767200,0.06282722513089010,0.031413612565445000,0.04712041884816750
Qwen_Qwen3-4B_Qwen_Qwen3-1.7B,5_mashed_carrot_and_chickpea_patty,5,0.0,0.0,0.0,120,0.0,0.0,0.0,0.0,0.0,0.0,0.18698065841639900,0.11904761904761900,0.6888888888888890,0.04291226511805170,0.03367175148507370,0.2454524670486060,0.05319148936170210,0.031914893617021300,0.0425531914893617
Qwen_Qwen3-4B_Qwen_Qwen3-1.7B,3_baked_carrot_soup,3,0.0,0.0,0.0,120,0.0,0.0,0.0,0.0,0.0,0.0,0.32385040177873000,0.23809523809523800,0.7142857142857140,0.19097299956350200,0.13468700594029500,0.40406101782088400,0.04216867469879520,0.04216867469879520,0.04216867469879520
Qwen_Qwen3-4B_Qwen_Qwen3-1.7B,3_baked_mushroom_soup,3,0.0,0.0,0.0,120,0.0,0.0,0.0,0.0,0.0,0.0,0.24074659917747500,0.14285714285714300,1.0,0.0,0.0,0.0,0.05263157894736840,0.05263157894736840,0.05263157894736840
Qwen_Qwen3-4B_Qwen_Qwen3-1.7B,1_baked_bell_pepper,1,0.0,0.0,0.0,120,0.0,0.0,0.0,0.0,0.0,0.0,0.6554694229112830,0.5,1.0,0.0,0.0,0.0,0.5028248587570620,0.423728813559322,0.4632768361581920
Qwen_Qwen3-4B_Qwen_Qwen3-1.7B,1_baked_sweet_potato,1,0.0,0.0,0.0,120,0.44683749594550800,0.40000000000000000,0.5333333333333330,0.32112692261953700,0.282842712474619,0.41096093353126500,0.7573462424043100,0.8333333333333330,0.7777777777777780,0.07203778990923690,0.23570226039551600,0.15713484026367700,0.21195652173913000,0.22826086956521700,0.2201086956521740
Qwen_Qwen3-4B_Qwen_Qwen3-1.7B,5_mashed_broccoli_and_bean_patty,5,0.0,0.0,0.0,120,0.0,0.0,0.0,0.0,0.0,0.0,0.09231098763151310,0.07142857142857140,0.1369047619047620,0.07647855211050420,0.05832118435198040,0.11694573038326500,0.2878787878787880,0.09090909090909090,0.1893939393939390
Qwen_Qwen3-4B_Qwen_Qwen3-1.7B,5_mashed_cauliflower_and_lentil_patty,5,0.0,0.0,0.0,120,0.0,0.0,0.0,0.0,0.0,0.0,0.17770258789468600,0.10714285714285700,0.8333333333333330,0.05003944412686150,0.03571428571428570,0.16666666666666700,0.10948905109489100,0.029197080291970800,0.06934306569343070
Qwen_Qwen3-0.6B_Qwen_Qwen3-14B,5_mashed_broccoli_and_bean_patty,5,0.0,0.0,0.0,120,0.0,0.0,0.0,0.0,0.0,0.0,0.20781236806083900,0.4047619047619050,0.13590757940603100,0.010409989023278600,0.06734350297014740,0.0031326527425463100,0.04013377926421410,0.07692307692307690,0.05852842809364550
Qwen_Qwen3-0.6B_Qwen_Qwen3-14B,3_baked_carrot_soup,3,0.0,0.0,0.0,120,0.0,0.0,0.0,0.0,0.0,0.0,0.18890321728338800,0.5238095238095240,0.1116085125373050,0.0781699753669444,0.2693740118805900,0.04198612951904320,0.046153846153846200,0.06923076923076920,0.057692307692307700
Qwen_Qwen3-0.6B_Qwen_Qwen3-14B,1_baked_bell_pepper,1,0.0,0.0,0.0,120,0.18399050787342500,0.2,0.21726190476190500,0.05854998875340860,0.0,0.16503774563109300,0.10700011389718300,1.0,0.05392316017316020,0.021665144948220700,0.0,0.011605439889603600,0.0,0.040229885057471300,0.020114942528735600
Qwen_Qwen3-0.6B_Qwen_Qwen3-14B,3_baked_bell_pepper_soup,3,0.0,0.0,0.0,120,0.0,0.0,0.0,0.0,0.0,0.0,0.19022987538969900,0.6190476190476190,0.10831521739130400,0.0636672273352586,0.13468700594029500,0.039294818767600600,0.018796992481203000,0.09398496240601500,0.05639097744360900
Qwen_Qwen3-0.6B_Qwen_Qwen3-14B,1_baked_sweet_potato,1,0.0,0.0,0.0,120,0.11856246590289100,0.13333333333333300,0.10833333333333300,0.08576594281798970,0.09428090415820640,0.08249579113843060,0.19468915758420800,0.8333333333333330,0.10833333333333300,0.10641800305545900,0.23570226039551600,0.06481812160876690,0.07272727272727270,0.10545454545454500,0.08909090909090910
Qwen_Qwen3-0.6B_Qwen_Qwen3-14B,5_mashed_carrot_and_chickpea_patty,5,0.0,0.0,0.0,120,0.0,0.0,0.0,0.0,0.0,0.0,0.257597024688918,0.5,0.16865079365079400,0.02886242895702740,0.0,0.0257936507936508,0.0,0.12264150943396200,0.06132075471698110
Qwen_Qwen3-0.6B_Qwen_Qwen3-14B,1_boiled_egg,1,0.0,0.0,0.0,120,0.11370088151800400,0.2,0.07692307692307690,0.0,0.0,0.0,0.16719762715588300,1.0,0.08695652173913040,0.0,0.0,0.0,0.01282051282051280,0.038461538461538500,0.02564102564102560
Qwen_Qwen3-0.6B_Qwen_Qwen3-8B,1_baked_sweet_potato,1,0.0,0.0,0.0,120,0.38015604217902800,0.3,0.5625,0.20942327555576900,0.1732050807568880,0.2724311839712920,0.101306622975317,1.0,0.050955246088727700,0.02576612185495150,0.0,0.013624414700959000,0.012626262626262600,0.050505050505050500,0.03156565656565660
Qwen_Qwen3-0.6B_Qwen_Qwen3-8B,5_mashed_broccoli_and_bean_patty,5,0.0,0.0,0.0,120,0.0,0.0,0.0,0.0,0.0,0.0,0.039476112049339300,0.07142857142857140,0.026425820649183900,0.0018098293756282100,0.0,0.0017087337326676900,0.009900990099009900,0.036303630363036300,0.023102310231023100
Qwen_Qwen3-0.6B_Qwen_Qwen3-8B,1_boiled_egg,1,0.0,0.0,0.0,120,0.1724899980948750,0.2,0.15555555555555600,0.0275100019051248,0.0,0.04444444444444450,0.13457037264668400,1.0,0.06876456876456880,0.014850400964154300,0.0,0.00815850815850816,0.005128205128205130,0.020512820512820500,0.01282051282051280
Qwen_Qwen3-0.6B_Qwen_Qwen3-8B,3_baked_carrot_soup,3,0.0,0.0,0.0,120,0.0,0.0,0.0,0.0,0.0,0.0,0.04073003639477630,0.14285714285714300,0.022727272727272700,0.0,0.0,0.0,0.0,0.039603960396039600,0.019801980198019800
Qwen_Qwen3-0.6B_Qwen_Qwen3-8B,1_baked_bell_pepper,1,0.0,0.0,0.0,120,0.23515637654681500,0.3,0.1911706349206350,0.15555611045364400,0.1732050807568880,0.13734928264853300,0.16770949848599300,1.0,0.08755846836342190,0.030930270454528900,0.0,0.01738789872535980,0.020887728459530000,0.04699738903394260,0.033942558746736300
Qwen_Qwen3-0.6B_Qwen_Qwen3-8B,5_mashed_carrot_and_chickpea_patty,5,0.0,0.0,0.0,73,0.0,0.0,0.0,0.0,0.0,0.0,0.06468016133368400,0.1,0.04957784337725300,0.024055114227136000,0.05714285714285710,0.01744886544863100,0.006944444444444440,0.041666666666666700,0.024305555555555600
Qwen_Qwen3-0.6B_Qwen_Qwen3-8B,3_baked_bell_pepper_soup,3,0.0,0.0,0.0,120,0.0,0.0,0.0,0.0,0.0,0.0,0.05528647840946960,0.14285714285714300,0.03318858560794040,0.008717070194628890,0.0,0.006575443949392650,0.008823529411764710,0.023529411764705900,0.016176470588235300
Qwen_Qwen3-4B_Qwen_Qwen3-4B,1_baked_bell_pepper,1,0.3333333333333330,0.0,0.0,18,0.5958329653920640,0.7333333333333330,0.5567927170868350,0.3129394596648680,0.1885618083164130,0.36956087839791000,0.36590267208127900,1.0,0.24994083045057600,0.24910497729826700,0.0,0.21758820332304100,0.1437125748502990,0.059880239520958100,0.10179640718562900
Qwen_Qwen3-4B_Qwen_Qwen3-4B,3_baked_bell_pepper_soup,3,0.0,0.0,0.0,120,0.0,0.0,0.0,0.0,0.0,0.0,0.08979389410496880,0.14285714285714300,0.06585858585858590,0.019713238101666200,0.0,0.020791402553969500,0.09644670050761420,0.01015228426395940,0.0532994923857868
Qwen_Qwen3-4B_Qwen_Qwen3-4B,1_boiled_egg,1,0.0,0.0,0.0,120,0.08590134326673440,0.2,0.05263157894736840,0.0,0.0,0.0,0.21940320023064700,1.0,0.11764705882352900,0.0,0.0,0.0,0.016129032258064500,0.016129032258064500,0.016129032258064500
Qwen_Qwen3-4B_Qwen_Qwen3-4B,5_mashed_carrot_and_chickpea_patty,5,0.0,0.0,0.0,120,0.0,0.0,0.0,0.0,0.0,0.0,0.03602707948681530,0.07142857142857140,0.023255813953488400,0.0,0.0,0.0,0.1111111111111110,0.037037037037037000,0.07407407407407410
Qwen_Qwen3-4B_Qwen_Qwen3-4B,5_mashed_broccoli_and_bean_patty,5,0.0,0.0,0.0,120,0.0,0.0,0.0,0.0,0.0,0.0,0.041794505780600000,0.07142857142857140,0.0294949494949495,0.009113727424725450,0.0,0.008925544256312940,0.030303030303030300,0.04040404040404040,0.03535353535353540
Qwen_Qwen3-4B_Qwen_Qwen3-4B,1_baked_sweet_potato,1,0.0,0.0,0.0,120,0.3083770835239230,0.6,0.20059523809523800,0.012272902172990400,0.0,0.010943319232648900,0.21049740639352600,1.0,0.11264563796533100,0.03233744103269550,0.0,0.01926071686726920,0.25,0.0603448275862069,0.15517241379310300
Qwen_Qwen3-0.6B_Qwen_Qwen3-32B,1_baked_bell_pepper,1,0.0,0.0,0.0,120,0.22905338617179400,0.25,0.25833333333333300,0.04647628097727260,0.08660254037844390,0.14018836534383900,0.1416856822730440,1.0,0.07266203703703700,0.011507234767141000,0.0,0.006346266508268020,0.009708737864077670,0.05177993527508090,0.03074433656957930
Qwen_Qwen3-0.6B_Qwen_Qwen3-32B,1_boiled_egg,1,0.0,0.0,0.0,120,0.15568739770867400,0.2,0.125,0.0,0.0,0.0,0.16719762715588300,1.0,0.08695652173913040,0.0,0.0,0.0,0.011235955056179800,0.02247191011235960,0.016853932584269700
Qwen_Qwen3-0.6B_Qwen_Qwen3-32B,5_mashed_broccoli_and_bean_patty,5,0.0,0.0,0.0,120,0.0,0.0,0.0,0.0,0.0,0.0,0.2265381671278590,0.4047619047619050,0.15526671992189200,0.07735180844518840,0.06734350297014740,0.06370283102064870,0.06920415224913500,0.07958477508650520,0.07439446366782010
Qwen_Qwen3-0.6B_Qwen_Qwen3-32B,3_baked_bell_pepper_soup,3,0.0,0.0,0.0,120,0.0,0.0,0.0,0.0,0.0,0.0,0.20082941151085300,0.6428571428571430,0.11516203703703700,0.06429043241333840,0.07142857142857150,0.041087962962963000,0.11848341232227500,0.08056872037914690,0.0995260663507109
Qwen_Qwen3-0.6B_Qwen_Qwen3-32B,5_mashed_carrot_and_chickpea_patty,5,0.0,0.0,0.0,120,0.0,0.0,0.0,0.0,0.0,0.0,0.30110235059898700,0.5,0.20900178253119400,0.003071691541137540,0.0,0.003119429590017830,0.023255813953488400,0.11046511627907000,0.06686046511627910
Qwen_Qwen3-0.6B_Qwen_Qwen3-32B,1_baked_sweet_potato,1,0.0,0.0,0.0,120,0.2795738427626750,0.2,0.5,0.0,0.0,0.0,0.1132861927800520,1.0,0.05714285714285710,0.0,0.0,0.0,0.017857142857142900,0.05357142857142860,0.03571428571428570
Qwen_Qwen3-1.7B_Qwen_Qwen3-14B,5_mashed_broccoli_and_bean_patty,5,0.0,0.0,0.0,120,0.0,0.0,0.0,0.0,0.0,0.0,0.15006396997841900,0.21428571428571400,0.11675213675213700,0.12347382870859800,0.20203050891044200,0.08380218751955730,0.007518796992481200,0.03759398496240600,0.022556390977443600
Qwen_Qwen3-1.7B_Qwen_Qwen3-14B,1_baked_bell_pepper,1,0.2,0.0,0.0,22,0.5796113350646090,0.6,0.5735714285714290,0.2705863366704080,0.25298221281347000,0.2961797578829310,0.3012090337883240,1.0,0.20783549783549800,0.2626516344652000,0.0,0.23301830004801900,0.0273972602739726,0.07534246575342470,0.05136986301369860
Qwen_Qwen3-1.7B_Qwen_Qwen3-14B,3_baked_carrot_soup,3,0.0,0.0,0.0,120,0.0,0.0,0.0,0.0,0.0,0.0,0.20191882208917800,0.7142857142857140,0.11295928500496500,0.028435942410155800,0.0,0.018619662363455800,0.06756756756756760,0.05405405405405410,0.060810810810810800
Qwen_Qwen3-1.7B_Qwen_Qwen3-14B,5_mashed_carrot_and_chickpea_patty,5,0.0,0.0,0.0,120,0.0,0.0,0.0,0.0,0.0,0.0,0.15488574875227900,0.2619047619047620,0.10684800235883800,0.10514603098836300,0.17817416127495000,0.07221785008584160,0.04424778761061950,0.07079646017699120,0.05752212389380530
Qwen_Qwen3-1.7B_Qwen_Qwen3-14B,1_baked_sweet_potato,1,0.3333333333333330,0.0,0.0,120,0.5538254920085890,0.6,0.5214285714285720,0.25502829294795600,0.32659863237109000,0.19751862049482000,0.12928453386564900,1.0,0.0663810689514484,0.04303464519510210,0.0,0.023903107801004300,0.027522935779816500,0.06422018348623850,0.045871559633027500
Qwen_Qwen3-1.7B_Qwen_Qwen3-14B,3_baked_bell_pepper_soup,3,0.0,0.0,0.0,120,0.050290774517578600,0.037037037037037000,0.08333333333333330,0.07112189538500700,0.05237828008789240,0.11785113019775800,0.3080257899039100,0.7142857142857140,0.19642857142857100,0.07933030530116790,0.23328473740792200,0.052570005156713400,0.04938271604938270,0.1111111111111110,0.08024691358024690
Qwen_Qwen3-14B_Qwen_Qwen3-0.6B,1_baked_bell_pepper,1,0.5,0.0,0.0,120,0.5,0.5,0.5,0.5,0.5,0.5,0.6541423260754120,0.75,0.5833333333333330,0.3856939935855090,0.4330127018922190,0.36324157862838900,0.8878048780487810,0.024390243902439000,0.4560975609756100
Qwen_Qwen3-14B_Qwen_Qwen3-0.6B,3_baked_carrot_soup,3,0.0,0.0,0.0,120,0.0,0.0,0.0,0.0,0.0,0.0,0.22538794184305000,0.14285714285714300,0.8125,0.026601974839265200,0.0,0.3247595264191650,0.3916256157635470,0.009852216748768470,0.20073891625615800
Qwen_Qwen3-14B_Qwen_Qwen3-0.6B,1_baked_sweet_potato,1,1.0,0.0,0.0,114,1.0,1.0,1.0,0.0,0.0,0.0,1.0,1.0,1.0,0.0,0.0,0.0,0.6444444444444450,0.06666666666666670,0.35555555555555600
Qwen_Qwen3-14B_Qwen_Qwen3-0.6B,5_mashed_carrot_and_chickpea_patty,5,0.0,0.0,0.0,120,0.0,0.0,0.0,0.0,0.0,0.0,0.12766314376782400,0.07142857142857140,1.0,0.0,0.0,0.0,0.44072948328267500,0.00911854103343465,0.2249240121580550
Qwen_Qwen3-14B_Qwen_Qwen3-0.6B,3_baked_mushroom_soup,3,0.0,0.0,0.0,120,0.0,0.0,0.0,0.0,0.0,0.0,0.19598248776719000,0.14285714285714300,0.3333333333333330,0.0,0.0,0.0,0.41904761904761900,0.009523809523809530,0.2142857142857140
Qwen_Qwen3-14B_Qwen_Qwen3-0.6B,5_mashed_broccoli_and_bean_patty,5,0.0,0.0,0.0,120,0.0,0.0,0.0,0.0,0.0,0.0,0.12306576784880700,0.07142857142857140,0.7777777777777780,0.006501671376001110,0.0,0.3142696805273550,0.05592105263157900,0.009868421052631580,0.03289473684210530
Qwen_Qwen3-14B_Qwen_Qwen3-0.6B,3_baked_bell_pepper_soup,3,0.0,0.0,0.0,120,0.0,0.0,0.0,0.0,0.0,0.0,0.23252120429738200,0.14285714285714300,0.8333333333333330,0.01163246499530250,0.0,0.23570226039551600,0.2613981762917930,0.00911854103343465,0.13525835866261400
Qwen_Qwen3-8B_Qwen_Qwen3-4B,5_mashed_broccoli_and_bean_patty,5,0.0,0.0,0.0,120,0.0,0.0,0.0,0.0,0.0,0.0,0.05883370300361190,0.07142857142857140,0.05163398692810460,0.011626257531191800,0.0,0.016036397576974200,0.013651877133105800,0.040955631399317400,0.027303754266211600
Qwen_Qwen3-8B_Qwen_Qwen3-4B,3_baked_bell_pepper_soup,3,0.0,0.0,0.0,120,0.0,0.0,0.0,0.0,0.0,0.0,0.06223769141129140,0.09523809523809520,0.04524886877828060,0.044515678064802400,0.06734350297014740,0.03283792014642120,0.48616600790513800,0.023715415019762800,0.2549407114624510
Qwen_Qwen3-8B_Qwen_Qwen3-4B,1_baked_bell_pepper,1,0.8571428571428570,0.0,0.0,18,0.8571428571428570,0.8571428571428570,0.8571428571428570,0.3499271061118830,0.3499271061118830,0.3499271061118830,0.5919337513036470,1.0,0.45272108843537400,0.22389157287767500,0.0,0.2677045780825990,0.4068965517241380,0.0896551724137931,0.2482758620689660
Qwen_Qwen3-8B_Qwen_Qwen3-4B,3_baked_carrot_soup,3,0.0,0.0,0.0,120,0.0,0.0,0.0,0.0,0.0,0.0,0.047100328031193900,0.14285714285714300,0.02702702702702700,0.0,0.0,0.0,0.022988505747126400,0.034482758620689700,0.028735632183908000
Qwen_Qwen3-8B_Qwen_Qwen3-4B,5_mashed_carrot_and_chickpea_patty,5,0.0,0.0,0.0,120,0.0,0.0,0.0,0.0,0.0,0.0,0.05203418803418800,0.07142857142857140,0.04,0.0,0.0,0.0,0.010869565217391300,0.03260869565217390,0.021739130434782600
Qwen_Qwen3-8B_Qwen_Qwen3-4B,1_baked_sweet_potato,1,0.3333333333333330,0.0,0.0,120,0.3333333333333330,0.3333333333333330,0.3333333333333330,0.4714045207910320,0.4714045207910320,0.4714045207910320,0.1947536788227770,0.3333333333333330,0.13333333333333300,0.2754232939132250,0.4714045207910320,0.1885618083164130,0.85,0.02142857142857140,0.4357142857142860
Qwen_Qwen3-8B_Qwen_Qwen3-4B,3_baked_mushroom_soup,3,0.0,0.0,0.0,120,0.0,0.0,0.0,0.0,0.0,0.0,0.05735172205893440,0.14285714285714300,0.034482758620689700,0.0,0.0,0.0,0.015625,0.046875,0.03125
Qwen_Qwen3-1.7B_Qwen_Qwen3-32B,1_boiled_egg,1,0.0,0.0,0.0,120,0.16810249613430500,0.2,0.14285714285714300,0.0,0.0,0.0,0.13506078622770400,1.0,0.06896551724137930,0.0,0.0,0.0,0.0,0.0,0.0
Qwen_Qwen3-1.7B_Qwen_Qwen3-32B,5_mashed_broccoli_and_bean_patty,5,0.0,0.0,0.0,120,0.0,0.0,0.0,0.0,0.0,0.0,0.23345255785172400,0.4047619047619050,0.15913760650602800,0.08075656551879150,0.13468700594029500,0.0563581846560831,0.1111111111111110,0.1111111111111110,0.1111111111111110
Qwen_Qwen3-1.7B_Qwen_Qwen3-32B,1_baked_sweet_potato,1,0.0,0.0,0.0,120,0.3937515908519500,0.5333333333333330,0.3055555555555560,0.058249190664223900,0.09428090415820630,0.0392837100659193,0.14373967089675500,1.0,0.07380952380952380,0.012584653504666900,0.0,0.0070093340208951100,0.06172839506172840,0.06172839506172840,0.06172839506172840
Qwen_Qwen3-1.7B_Qwen_Qwen3-32B,1_baked_bell_pepper,1,0.2,0.0,0.0,22,0.6101085935028620,0.64,0.5914285714285710,0.20139014641235300,0.19595917942265400,0.21373261953445800,0.25230444948745000,1.0,0.16009274935590700,0.2141800926554360,0.0,0.17041318240914200,0.08148148148148150,0.0962962962962963,0.08888888888888890
Qwen_Qwen3-1.7B_Qwen_Qwen3-32B,3_baked_carrot_soup,3,0.0,0.0,0.0,120,0.0,0.0,0.0,0.0,0.0,0.0,0.192492538068498,0.7142857142857140,0.10638297872340400,0.0,0.0,0.0,0.06666666666666670,0.06666666666666670,0.06666666666666670
Qwen_Qwen3-1.7B_Qwen_Qwen3-32B,5_mashed_carrot_and_chickpea_patty,5,0.0,0.0,0.0,120,0.0,0.0,0.0,0.0,0.0,0.0,0.239271606621063,0.38571428571428600,0.1686287232727720,0.06650969734261570,0.10690449676497000,0.04704809509982160,0.125,0.13157894736842100,0.1282894736842110
Qwen_Qwen3-1.7B_Qwen_Qwen3-32B,3_baked_bell_pepper_soup,3,0.0,0.0,0.0,120,0.06404106707060510,0.037037037037037000,0.3333333333333330,0.0905677456000947,0.05237828008789240,0.4714045207910320,0.2735716470070310,0.7142857142857140,0.16330532212885200,0.03417065909221870,0.0,0.026003692919384200,0.014705882352941200,0.10294117647058800,0.058823529411764700
Qwen_Qwen3-0.6B_Qwen_Qwen3-0.6B,1_baked_sweet_potato,1,0.0,0.0,0.0,120,0.0,0.0,0.0,0.0,0.0,0.0,0.67825311942959,1.0,0.5,0.0,0.0,0.0,0.04807692307692310,0.019230769230769200,0.03365384615384620
Qwen_Qwen3-0.6B_Qwen_Qwen3-0.6B,3_baked_mushroom_soup,3,0.0,0.0,0.0,120,0.0,0.0,0.0,0.0,0.0,0.0,0.24074659917747500,0.14285714285714300,1.0,0.0,0.0,0.0,0.057692307692307700,0.009615384615384620,0.03365384615384620
Qwen_Qwen3-0.6B_Qwen_Qwen3-0.6B,5_mashed_carrot_and_chickpea_patty,5,0.0,0.0,0.0,120,0.0,0.0,0.0,0.0,0.0,0.0,0.08024886639249180,0.047619047619047600,0.3333333333333330,0.0567445176086642,0.03367175148507370,0.23570226039551600,0.07473309608540930,0.0071174377224199300,0.04092526690391460
Qwen_Qwen3-0.6B_Qwen_Qwen3-0.6B,5_mashed_cauliflower_and_lentil_patty,5,0.0,0.0,0.0,120,0.0,0.0,0.0,0.0,0.0,0.0,0.06383157188391210,0.03571428571428570,0.5,0.06383157188391210,0.03571428571428570,0.5,0.09743589743589740,0.005128205128205130,0.05128205128205130
Qwen_Qwen3-0.6B_Qwen_Qwen3-0.6B,3_baked_bell_pepper_soup,3,0.0,0.0,0.0,120,0.0,0.0,0.0,0.0,0.0,0.0,0.10803520726859700,0.07142857142857140,0.25,0.10803520726859700,0.07142857142857140,0.25,0.0514018691588785,0.004672897196261680,0.028037383177570100
Qwen_Qwen3-0.6B_Qwen_Qwen3-0.6B,5_mashed_broccoli_and_bean_patty,5,0.0,0.0,0.0,120,0.0,0.0,0.0,0.0,0.0,0.0,0.07202347151239830,0.047619047619047600,0.16666666666666700,0.05092828511101290,0.03367175148507370,0.11785113019775800,0.10508474576271200,0.003389830508474580,0.05423728813559320
Qwen_Qwen3-0.6B_Qwen_Qwen3-0.6B,3_baked_carrot_soup,3,0.0,0.0,0.0,120,0.0,0.0,0.0,0.0,0.0,0.0,0.13735096743479500,0.09523809523809520,0.27777777777777800,0.09746742153812170,0.06734350297014740,0.20786985482077500,0.0718954248366013,0.00980392156862745,0.04084967320261440
Qwen_Qwen3-0.6B_Qwen_Qwen3-0.6B,1_baked_bell_pepper,1,0.0,0.0,0.0,120,0.3750450186339080,0.3333333333333330,0.47222222222222200,0.20734758840941600,0.18856180831641300,0.23895347964007300,0.8614203454894440,1.0,0.8000000000000000,0.19598122687780700,0.0,0.282842712474619,0.053763440860215100,0.025089605734767000,0.03942652329749100
Qwen_Qwen3-14B_Qwen_Qwen3-4B,1_baked_sweet_potato,1,1.0,0.0,0.0,32,1.0,1.0,1.0,0.0,0.0,0.0,0.67825311942959,1.0,0.5,0.0,0.0,0.0,0.23076923076923100,0.07692307692307690,0.15384615384615400
Qwen_Qwen3-14B_Qwen_Qwen3-4B,1_baked_bell_pepper,1,1.0,0.0,0.0,17,1.0,1.0,1.0,0.0,0.0,0.0,0.6082834043529430,1.0,0.4371428571428570,0.1243131624362190,0.0,0.13543915302576100,0.4791666666666670,0.25,0.36458333333333300
Qwen_Qwen3-14B_Qwen_Qwen3-4B,5_mashed_carrot_and_chickpea_patty,5,0.0,0.0,0.0,120,0.0,0.0,0.0,0.0,0.0,0.0,0.032177589852008500,0.07142857142857140,0.02,0.0,0.0,0.0,0.04411764705882350,0.08823529411764710,0.0661764705882353
Qwen_Qwen3-14B_Qwen_Qwen3-4B,3_baked_bell_pepper_soup,3,0.25,0.0,0.0,51,0.25000000000000000,0.25,0.25,0.43301270189221900,0.4330127018922190,0.4330127018922190,0.18044506805080500,0.3928571428571430,0.11558847677001800,0.19234938731246800,0.3553526561095070,0.12608836754602900,0.3033175355450240,0.15639810426540300,0.22985781990521300
Qwen_Qwen3-14B_Qwen_Qwen3-4B,5_mashed_broccoli_and_bean_patty,5,0.0,0.0,0.0,120,0.0,0.0,0.0,0.0,0.0,0.0,0.05364583863527450,0.09523809523809520,0.03780663780663780,0.017956793924614500,0.03367175148507370,0.013876843036272800,0.21782178217821800,0.07920792079207920,0.1485148514851490
Qwen_Qwen3-8B_Qwen_Qwen3-8B,1_baked_sweet_potato,1,1.0,0.0,0.0,22,1.0,1.0,1.0,0.0,0.0,0.0,0.5085823368932860,1.0,0.36507936507936500,0.22673817996551000,0.0,0.22108552820927200,0.21212121212121200,0.36363636363636400,0.2878787878787880
Qwen_Qwen3-8B_Qwen_Qwen3-8B,3_baked_carrot_soup,3,0.0,0.0,0.0,120,0.0,0.0,0.0,0.0,0.0,0.0,0.05955743279007560,0.25,0.03270006829328860,0.04018152787732600,0.18557687223952300,0.02162800048101860,0.05416666666666670,0.05416666666666670,0.05416666666666670
Qwen_Qwen3-8B_Qwen_Qwen3-8B,1_baked_bell_pepper,1,1.0,0.0,0.0,18,1.0,1.0,1.0,0.0,0.0,0.0,0.6474675626259070,1.0,0.5133333333333330,0.2250770567585710,0.0,0.27211108842611400,0.1836734693877550,0.22448979591836700,0.20408163265306100
Qwen_Qwen3-8B_Qwen_Qwen3-8B,5_mashed_carrot_and_chickpea_patty,5,0.0,0.0,0.0,120,0.0,0.0,0.0,0.0,0.0,0.0,0.03040192537564870,0.07142857142857140,0.018594969300851700,0.0015007870260757800,0.0,0.0011743010084558600,0.017811704834605600,0.027989821882951700,0.022900763358778600
Qwen_Qwen3-8B_Qwen_Qwen3-8B,3_baked_bell_pepper_soup,3,0.0,0.0,0.0,120,0.12055445544554500,0.2222222222222220,0.08,0.17048974589559200,0.31426968052735400,0.1131370849898480,0.1231274781646530,0.5238095238095240,0.0667163437655241,0.0644242054994301,0.2693740118805900,0.03509981463330660,0.07894736842105260,0.14912280701754400,0.11403508771929800
Qwen_Qwen3-8B_Qwen_Qwen3-8B,5_mashed_broccoli_and_bean_patty,5,0.0,0.0,0.0,120,0.0,0.0,0.0,0.0,0.0,0.0,0.08961208226386650,0.16666666666666700,0.05968064839032580,0.07876294240834370,0.13468700594029500,0.05356589708317360,0.07983193277310920,0.09663865546218490,0.08823529411764710
Qwen_Qwen3-4B_Qwen_Qwen3-14B,1_baked_sweet_potato,1,0.5,0.0,0.0,120,0.4672970563726320,0.8,0.3416666666666670,0.21809293797589400,0.2,0.21556167733318000,0.19151821508019000,1.0,0.10198005698005700,0.05218449617524430,0.0,0.03144789109210340,0.07462686567164180,0.11940298507462700,0.09701492537313430
Qwen_Qwen3-4B_Qwen_Qwen3-14B,5_mashed_broccoli_and_bean_patty,5,0.0,0.0,0.0,120,0.0,0.0,0.0,0.0,0.0,0.0,0.17011403803429800,0.30952380952381000,0.11362433862433900,0.08228452859798430,0.13468700594029500,0.05716704122767500,0.04830917874396140,0.1111111111111110,0.07971014492753620
Qwen_Qwen3-4B_Qwen_Qwen3-14B,5_mashed_carrot_and_chickpea_patty,5,0.0,0.0,0.0,120,0.0,0.0,0.0,0.0,0.0,0.0,0.09361541218622910,0.11904761904761900,0.0797316273989702,0.034466591564029100,0.06734350297014740,0.018325900901369400,0.0223463687150838,0.03910614525139670,0.030726256983240200
Qwen_Qwen3-4B_Qwen_Qwen3-14B,1_baked_bell_pepper,1,0.6,0.0,0.0,17,0.5799755205392,0.8400000000000000,0.4698773448773450,0.28294325655219800,0.19595917942265400,0.30752993895183500,0.35095883256175200,1.0,0.2417195767195770,0.2584444897059520,0.0,0.22729390807084700,0.08403361344537820,0.11764705882352900,0.10084033613445400
Qwen_Qwen3-4B_Qwen_Qwen3-14B,3_baked_bell_pepper_soup,3,0.0,0.0,0.0,120,0.12792065893427500,0.14814814814814800,0.1111111111111110,0.18090713077255400,0.20951312035157000,0.15713484026367700,0.3166310023767720,0.7142857142857140,0.19611111111111100,0.1160333814937420,0.23328473740792200,0.07399115729615730,0.06321839080459770,0.13218390804597700,0.09770114942528740
Qwen_Qwen3-4B_Qwen_Qwen3-14B,3_baked_carrot_soup,3,0.0,0.0,0.0,120,0.062102170719765000,0.05555555555555560,0.07142857142857140,0.062102170719765000,0.05555555555555560,0.07142857142857140,0.17549858149853400,0.5714285714285710,0.09948246118458880,0.060003058657435400,0.14285714285714300,0.0356526739505463,0.05714285714285710,0.10476190476190500,0.08095238095238100
Qwen_Qwen3-4B_Qwen_Qwen3-32B,5_mashed_carrot_and_chickpea_patty,5,0.0,0.0,0.0,120,0.25913734392735500,0.23076923076923100,0.3,0.0,0.0,0.0,0.2921305182341650,0.5,0.2,0.0,0.0,0.0,0.1724137931034480,0.20689655172413800,0.1896551724137930
Qwen_Qwen3-4B_Qwen_Qwen3-32B,3_baked_carrot_soup,3,0.0,0.0,0.0,120,0.15832177531206700,0.16666666666666700,0.15,0.15832177531206700,0.16666666666666700,0.15,0.1794309387377720,0.5714285714285710,0.10243055555555600,0.020359032383257000,0.14285714285714300,0.008680555555555550,0.046511627906976700,0.06201550387596900,0.05426356589147290
Qwen_Qwen3-4B_Qwen_Qwen3-32B,1_baked_bell_pepper,1,0.4,0.0,0.0,19,0.4899051580057980,0.76,0.41392497445628400,0.3095188654449570,0.19595917942265400,0.33418865431209100,0.30010375456303800,1.0,0.18780291603821000,0.1916482844458470,0.0,0.15718255032985600,0.08759124087591240,0.10948905109489100,0.09854014598540150
Qwen_Qwen3-4B_Qwen_Qwen3-32B,3_baked_bell_pepper_soup,3,0.0,0.0,0.0,120,0.12792065893427500,0.14814814814814800,0.1111111111111110,0.18090713077255400,0.20951312035157000,0.15713484026367700,0.2971009735560040,0.7619047619047620,0.17760141093474400,0.07916284101289830,0.17817416127495000,0.048895937964470300,0.04950495049504950,0.13861386138613900,0.09405940594059410
Qwen_Qwen3-4B_Qwen_Qwen3-32B,5_mashed_broccoli_and_bean_patty,5,0.0,0.0,0.0,120,0.03136333663039890,0.025641025641025600,0.041666666666666700,0.04435445602398310,0.03626188621469480,0.05892556509887900,0.22066567677374800,0.4047619047619050,0.14696969696969700,0.06385554162546290,0.13468700594029500,0.039640834702882200,0.1270718232044200,0.1270718232044200,0.1270718232044200
Qwen_Qwen3-4B_Qwen_Qwen3-32B,1_baked_sweet_potato,1,1.0,0.0,0.0,39,1.0,1.0,1.0,0.0,0.0,0.0,0.58426103646833,1.0,0.4,0.0,0.0,0.0,0.25,0.3333333333333330,0.29166666666666700
Qwen_Qwen3-32B_Qwen_Qwen3-0.6B,5_mashed_broccoli_and_bean_patty,5,0.0,0.0,0.0,120,0.0,0.0,0.0,0.0,0.0,0.0,0.12766314376782400,0.07142857142857140,1.0,0.0,0.0,0.0,0.20916905444126100,0.008595988538681950,0.10888252148997100
Qwen_Qwen3-32B_Qwen_Qwen3-0.6B,3_baked_bell_pepper_soup,3,0.0,0.0,0.0,120,0.0,0.0,0.0,0.0,0.0,0.0,0.212042994518148,0.14285714285714300,0.5833333333333330,0.025241744584088800,0.0,0.31180478223116200,0.4599406528189910,0.01483679525222550,0.23738872403560800
Qwen_Qwen3-32B_Qwen_Qwen3-0.6B,1_baked_sweet_potato,1,1.0,0.0,0.0,56,1.0,1.0,1.0,0.0,0.0,0.0,0.839126559714795,1.0,0.75,0.160873440285205,0.0,0.25,0.6326530612244900,0.061224489795918400,0.3469387755102040
Qwen_Qwen3-32B_Qwen_Qwen3-0.6B,1_baked_bell_pepper,1,0.5,0.0,0.0,120,0.5,0.5,0.5,0.5,0.5,0.5,0.5,0.5,0.5,0.5,0.5,0.5,0.95,0.008333333333333330,0.47916666666666700
Qwen_Qwen3-32B_Qwen_Qwen3-0.6B,3_baked_carrot_soup,3,0.0,0.0,0.0,120,0.0,0.0,0.0,0.0,0.0,0.0,0.24074659917747500,0.14285714285714300,1.0,0.0,0.0,0.0,0.26495726495726500,0.005698005698005700,0.13532763532763500
Qwen_Qwen3-32B_Qwen_Qwen3-0.6B,5_mashed_carrot_and_chickpea_patty,5,0.0,0.0,0.0,120,0.0,0.0,0.0,0.0,0.0,0.0,0.12766314376782400,0.07142857142857140,1.0,0.0,0.0,0.0,0.3391812865497080,0.008771929824561400,0.1739766081871350
Qwen_Qwen3-14B_Qwen_Qwen3-8B,1_boiled_egg,1,1.0,0.0,0.0,24,1.0,1.0,1.0,0.0,0.0,0.0,0.5131490222521920,1.0,0.3333333333333330,0.0,0.0,0.0,0.25,0.5,0.375
Qwen_Qwen3-14B_Qwen_Qwen3-8B,1_baked_sweet_potato,1,1.0,0.0,0.0,32,1.0,1.0,1.0,0.0,0.0,0.0,0.44735851926461700,1.0,0.2833333333333330,0.10065778558741500,0.0,0.08498365855987980,0.2692307692307690,0.3076923076923080,0.28846153846153800
Qwen_Qwen3-14B_Qwen_Qwen3-8B,3_baked_bell_pepper_soup,3,0.0,0.0,0.0,120,0.0,0.0,0.0,0.0,0.0,0.0,0.03407053983753550,0.14285714285714300,0.0184892236869638,0.0020093914005686100,0.0,0.0012456755042397200,0.09090909090909090,0.09090909090909090,0.09090909090909090
Qwen_Qwen3-14B_Qwen_Qwen3-8B,5_mashed_carrot_and_chickpea_patty,5,0.0,0.0,0.0,120,0.0,0.0,0.0,0.0,0.0,0.0,0.12400298191321300,0.19047619047619000,0.0921252204585538,0.13307946431429500,0.16835875742536800,0.10456360798660600,0.1358695652173910,0.10326086956521700,0.11956521739130400
Qwen_Qwen3-14B_Qwen_Qwen3-8B,1_baked_bell_pepper,1,1.0,0.0,0.0,20,0.9356506238859180,1.0,0.9,0.128698752228164,0.0,0.2,0.5020568795120740,1.0,0.38333333333333300,0.2676265042239390,0.0,0.3164229081310700,0.35294117647058800,0.38235294117647100,0.36764705882352900
Qwen_Qwen3-14B_Qwen_Qwen3-8B,3_baked_carrot_soup,3,0.0,0.0,0.0,120,0.0,0.0,0.0,0.0,0.0,0.0,0.035621398948172300,0.14285714285714300,0.019504742164436900,0.004651205128832580,0.0,0.00294731819116529,0.08374384236453200,0.059113300492610800,0.07142857142857140
Qwen_Qwen3-14B_Qwen_Qwen3-8B,5_mashed_broccoli_and_bean_patty,5,0.0,0.0,0.0,120,0.0,0.0,0.0,0.0,0.0,0.0,0.03206440116482830,0.07142857142857140,0.019920005039052700,0.0012470686242118000,0.0,0.0010060867249284000,0.10828025477707000,0.07006369426751590,0.089171974522293
Qwen_Qwen3-8B_Qwen_Qwen3-14B,3_baked_carrot_soup,3,0.3333333333333330,0.0,0.0,120,0.4287663393732070,0.5185185185185190,0.3624338624338620,0.2795545358335840,0.36664796061524700,0.21805747126978700,0.30130176129038800,0.9047619047619050,0.17440737625767100,0.08233782930903640,0.13468700594029500,0.05324524291439550,0.12871287128712900,0.1782178217821780,0.15346534653465300
Qwen_Qwen3-8B_Qwen_Qwen3-14B,5_mashed_carrot_and_chickpea_patty,5,0.0,0.0,0.0,120,0.2983283382549340,0.27692307692307700,0.42102564102564100,0.19364624932375000,0.19821690348807900,0.34392023905983900,0.2142726086165620,0.45714285714285700,0.1350050321174940,0.03759692896727850,0.0857142857142857,0.02360827367672050,0.16459627329192500,0.19254658385093200,0.17857142857142900
Qwen_Qwen3-8B_Qwen_Qwen3-14B,1_baked_bell_pepper,1,1.0,0.0,0.0,27,1.0,1.0,1.0,0.0,0.0,0.0,0.5705862664709010,1.0,0.3958333333333330,0.11337397418770100,0.0,0.10825317547305500,0.6,0.6,0.6
Qwen_Qwen3-8B_Qwen_Qwen3-14B,1_baked_sweet_potato,1,1.0,0.0,0.0,24,1.0,1.0,1.0,0.0,0.0,0.0,0.48530910685798600,1.0,0.30952380952381000,0.02783991539420520,0.0,0.023809523809523800,0.3333333333333330,0.4666666666666670,0.4
Qwen_Qwen3-8B_Qwen_Qwen3-14B,3_baked_mushroom_soup,3,0.0,0.0,0.0,120,0.0,0.0,0.0,0.0,0.0,0.0,0.046070952899866800,0.14285714285714300,0.02631578947368420,0.0,0.0,0.0,0.03333333333333330,0.06666666666666670,0.05
Qwen_Qwen3-8B_Qwen_Qwen3-14B,5_mashed_broccoli_and_bean_patty,5,0.0,0.0,0.0,120,0.026612113582319200,0.025641025641025600,0.027777777777777800,0.03763521195152910,0.03626188621469480,0.039283710065919300,0.16136975841615800,0.35714285714285700,0.10047326839206200,0.09139047307521230,0.20203050891044200,0.057031491784915500,0.10294117647058800,0.1323529411764710,0.11764705882352900
Qwen_Qwen3-8B_Qwen_Qwen3-14B,3_baked_bell_pepper_soup,3,0.0,0.0,0.0,120,0.19696801626918100,0.25925925925925900,0.15555555555555600,0.27855483996160000,0.36664796061524700,0.21998877636914800,0.18085147884582500,0.6190476190476190,0.10140161302952,0.10032464605083000,0.3563483225498990,0.05579360164369470,0.12121212121212100,0.1414141414141410,0.13131313131313100
Qwen_Qwen3-32B_Qwen_Qwen3-32B,1_boiled_egg,1,1.0,0.0,0.0,43,0.9202562403357630,1.0,0.8571428571428570,0.0797437596642368,0.0,0.14285714285714300,0.42913686940274000,1.0,0.26666666666666700,0.08401215284945180,0.0,0.06666666666666670,0.34782608695652200,0.30434782608695700,0.32608695652173900
Qwen_Qwen3-32B_Qwen_Qwen3-32B,3_baked_carrot_soup,3,1.0,0.0,0.0,66,0.9682120371593360,1.0,0.9393939393939390,0.04495496816947890,0.0,0.08570991287109660,0.5896201805681280,1.0,0.4221212121212120,0.14326617366663300,0.0,0.15416411657484400,0.29292929292929300,0.3333333333333330,0.31313131313131300
Qwen_Qwen3-32B_Qwen_Qwen3-32B,1_baked_bell_pepper,1,1.0,0.0,0.0,21,0.9468374935571760,1.0,0.9047619047619050,0.0751831376211895,0.0,0.13468700594029500,0.6080930211630280,1.0,0.4365079365079370,0.1229077105166920,0.0,0.13232803175026200,0.6764705882352940,0.6764705882352940,0.6764705882352940
Qwen_Qwen3-32B_Qwen_Qwen3-32B,3_baked_bell_pepper_soup,3,0.8,0.0,0.0,38,0.8973976109215020,0.9333333333333330,0.875,0.20520477815699600,0.13333333333333300,0.25,0.7551939512271040,1.0,0.6409200702678960,0.20143771954947300,0.0,0.26853422965052900,0.3055555555555560,0.32407407407407400,0.3148148148148150
Qwen_Qwen3-32B_Qwen_Qwen3-32B,5_mashed_broccoli_and_bean_patty,5,0.0,0.0,0.0,120,0.4053245044944740,0.4102564102564100,0.4259259259259260,0.28719599358234700,0.296816330840775,0.32181754068486600,0.30288975001502400,0.5952380952380950,0.19658119658119700,0.0648526724943338,0.08908708063747480,0.04655842726480490,0.3024390243902440,0.2682926829268290,0.2853658536585370
Qwen_Qwen3-32B_Qwen_Qwen3-32B,5_mashed_carrot_and_chickpea_patty,5,0.0,0.0,0.0,120,0.027097416443588900,0.03076923076923080,0.024285714285714300,0.03343884823022840,0.03768445758127970,0.030505937862946600,0.21783320780627800,0.41428571428571400,0.14312825829401800,0.050085578169248400,0.06998542122237650,0.03634912321674110,0.2109090909090910,0.19272727272727300,0.2018181818181820
Qwen_Qwen3-32B_Qwen_Qwen3-32B,1_baked_sweet_potato,1,1.0,0.0,0.0,21,1.0,1.0,1.0,0.0,0.0,0.0,0.58426103646833,1.0,0.4,0.0,0.0,0.0,0.7,0.7,0.7
Qwen_Qwen3-32B_Qwen_Qwen3-4B,5_mashed_broccoli_and_bean_patty,5,0.0,0.0,0.0,120,0.0,0.0,0.0,0.0,0.0,0.0,0.04592455966843240,0.07142857142857140,0.03364197530864200,0.007989780104380440,0.0,0.008293227680582960,0.08955223880597010,0.04975124378109450,0.06965174129353230
Qwen_Qwen3-32B_Qwen_Qwen3-4B,1_baked_sweet_potato,1,0.5,0.0,0.0,42,0.5,0.5,0.5,0.5,0.5,0.5,0.25657451112609600,0.5,0.16666666666666700,0.25657451112609600,0.5,0.16666666666666700,0.9375,0.015625,0.4765625
Qwen_Qwen3-32B_Qwen_Qwen3-4B,1_baked_bell_pepper,1,1.0,0.0,0.0,21,0.9681024961343050,1.0,0.9428571428571430,0.06379500773138950,0.0,0.11428571428571400,0.5381203122155350,1.0,0.3609523809523810,0.08414147844164050,0.0,0.08117057429585720,0.5659340659340660,0.09340659340659340,0.32967032967033000
Qwen_Qwen3-32B_Qwen_Qwen3-4B,3_baked_bell_pepper_soup,3,0.25,0.0,0.0,39,0.25000000000000000,0.25,0.25,0.43301270189221900,0.4330127018922190,0.4330127018922190,0.21918534537466500,0.3571428571428570,0.15453044375645000,0.247949397453497,0.37115374447904500,0.1803395660292450,0.1902834008097170,0.03643724696356280,0.11336032388664000
Qwen_Qwen3-8B_Qwen_Qwen3-32B,5_mashed_broccoli_and_bean_patty,5,0.0,0.0,0.0,120,0.3509207513057170,0.2564102564102560,0.6666666666666670,0.2815841435493650,0.2205724427446830,0.4714045207910320,0.2529654558465490,0.5238095238095240,0.16303099885189400,0.09475481970017690,0.14677176197545200,0.06673586274079640,0.13580246913580200,0.1111111111111110,0.12345679012345700
Qwen_Qwen3-8B_Qwen_Qwen3-32B,3_baked_bell_pepper_soup,3,0.3333333333333330,0.0,0.0,65,0.6363923065309500,0.5925925925925930,0.7083333333333330,0.3767632587118770,0.36664796061524700,0.41247895569215300,0.4176562903835600,0.9047619047619050,0.2701527525710830,0.15995274299022600,0.13468700594029500,0.1265381519383620,0.14465408805031400,0.1320754716981130,0.13836477987421400
Qwen_Qwen3-8B_Qwen_Qwen3-32B,1_baked_sweet_potato,1,1.0,0.0,0.0,42,1.0,1.0,1.0,0.0,0.0,0.0,0.7217008517949150,1.0,0.6527777777777780,0.3240802518708080,0.0,0.3734536016596880,0.47368421052631600,0.6842105263157900,0.5789473684210530
Qwen_Qwen3-8B_Qwen_Qwen3-32B,1_baked_bell_pepper,1,1.0,0.0,0.0,25,1.0,1.0,1.0,0.0,0.0,0.0,0.5884425119679170,1.0,0.42045454545454500,0.15555653518224300,0.0,0.13777676878388800,0.4117647058823530,0.5882352941176470,0.5
Qwen_Qwen3-8B_Qwen_Qwen3-32B,3_baked_carrot_soup,3,0.5,0.0,0.0,120,0.8250022151059010,0.7777777777777780,0.9545454545454550,0.14758947166142000,0.23570226039551600,0.07872958216222170,0.47374366990572600,0.8928571428571430,0.33772560160427800,0.22408983405228200,0.11845088536983600,0.2182666216566980,0.06060606060606060,0.15151515151515200,0.10606060606060600
Qwen_Qwen3-8B_Qwen_Qwen3-32B,5_mashed_carrot_and_chickpea_patty,5,0.0,0.0,0.0,120,0.32156346037530100,0.2884615384615390,0.4294871794871800,0.06370213240831760,0.09992600812897370,0.10149280247699900,0.2435633592429300,0.4642857142857140,0.1598124098124100,0.03763048805743950,0.06185895741317420,0.02696593865029950,0.19117647058823500,0.14338235294117600,0.16727941176470600
Qwen_Qwen3-8B_Qwen_Qwen3-1.7B,1_boiled_egg,1,0.0,0.0,0.0,120,0.0,0.0,0.0,0.0,0.0,0.0,0.8082846521508230,1.0,0.6666666666666670,0.0,0.0,0.0,0.0136986301369863,0.0136986301369863,0.0136986301369863
Qwen_Qwen3-8B_Qwen_Qwen3-1.7B,3_baked_carrot_soup,3,0.0,0.0,0.0,120,0.0,0.0,0.0,0.0,0.0,0.0,0.22955557132490400,0.14285714285714300,0.8333333333333330,0.01938342882957190,0.0,0.28867513459481300,0.059895833333333300,0.1171875,0.08854166666666670
Qwen_Qwen3-8B_Qwen_Qwen3-1.7B,1_baked_bell_pepper,1,0.0,0.0,0.0,120,0.0,0.0,0.0,0.0,0.0,0.0,0.6554694229112830,0.5,1.0,0.0,0.0,0.0,0.4420289855072460,0.32971014492753600,0.38586956521739100
Qwen_Qwen3-8B_Qwen_Qwen3-1.7B,5_mashed_broccoli_and_bean_patty,5,0.0,0.0,0.0,120,0.0,0.0,0.0,0.0,0.0,0.0,0.12766314376782400,0.07142857142857140,1.0,0.0,0.0,0.0,0.05116279069767440,0.037209302325581400,0.044186046511627900
Qwen_Qwen3-8B_Qwen_Qwen3-1.7B,5_mashed_carrot_and_chickpea_patty,5,0.0,0.0,0.0,120,0.0,0.0,0.0,0.0,0.0,0.0,0.18674038748833200,0.12500000000000000,0.56875,0.08963539291175250,0.05922544268491790,0.333248687169207,0.205,0.0325,0.11875
Qwen_Qwen3-8B_Qwen_Qwen3-1.7B,3_baked_bell_pepper_soup,3,0.0,0.0,0.0,120,0.0,0.0,0.0,0.0,0.0,0.0,0.22582522870738000,0.14285714285714300,0.7777777777777780,0.021102004488001800,0.0,0.3142696805273550,0.047619047619047600,0.031746031746031700,0.03968253968253970
Qwen_Qwen3-8B_Qwen_Qwen3-1.7B,1_baked_sweet_potato,1,0.5,0.0,0.0,120,0.5,0.5,0.5,0.5,0.5,0.5,0.7318770375310530,0.75,0.8333333333333330,0.07640761461976990,0.25,0.16666666666666700,0.43661971830985900,0.39436619718309900,0.4154929577464790
Qwen_Qwen3-1.7B_Qwen_Qwen3-8B,1_baked_sweet_potato,1,0.0,0.0,0.0,120,0.472629219455833,0.6,0.38888888888888900,0.05330062147521490,0.0,0.07856742013183860,0.11508379501569900,1.0,0.05817369093231160,0.014756394787141200,0.0,0.007960891310924520,0.0364963503649635,0.08759124087591240,0.06204379562043800
Qwen_Qwen3-1.7B_Qwen_Qwen3-8B,3_baked_bell_pepper_soup,3,0.0,0.0,0.0,120,0.0,0.0,0.0,0.0,0.0,0.0,0.046692034076061700,0.14285714285714300,0.027549878544720100,0.015823128631795200,0.0,0.011466947823402900,0.018518518518518500,0.018518518518518500,0.018518518518518500
Qwen_Qwen3-1.7B_Qwen_Qwen3-8B,5_mashed_carrot_and_chickpea_patty,5,0.0,0.0,0.0,120,0.0,0.0,0.0,0.0,0.0,0.0,0.04749991498292580,0.07142857142857140,0.03573122529644270,0.009507956681315170,0.0,0.010141402121738300,0.0234375,0.015625,0.01953125
Qwen_Qwen3-1.7B_Qwen_Qwen3-8B,1_baked_bell_pepper,1,0.0,0.0,0.0,120,0.4104643474816330,0.6,0.3107142857142860,0.06396993055243200,0.0,0.07651530459153050,0.12391987496919400,1.0,0.06293572019378470,0.01350529609940640,0.0,0.007296093225041220,0.03821656050955410,0.06369426751592360,0.050955414012738900
Qwen_Qwen3-1.7B_Qwen_Qwen3-8B,5_mashed_broccoli_and_bean_patty,5,0.0,0.0,0.0,120,0.0,0.0,0.0,0.0,0.0,0.0,0.14077838218499500,0.30952380952381000,0.08943374985928180,0.07526698831239140,0.1781741612749500,0.04503928573513570,0.04225352112676060,0.176056338028169,0.10915492957746500
Qwen_Qwen3-1.7B_Qwen_Qwen3-8B,3_baked_carrot_soup,3,0.0,0.0,0.0,120,0.0,0.0,0.0,0.0,0.0,0.0,0.06529123439414380,0.21428571428571400,0.037125986758339700,0.03387511004119180,0.12371791482634800,0.018843980975590600,0.018404907975460100,0.05521472392638040,0.03680981595092030
Qwen_Qwen3-1.7B_Qwen_Qwen3-8B,1_boiled_egg,1,0.0,0.0,0.0,120,0.2795738427626750,0.2,0.5,0.0,0.0,0.0,0.15491094147582700,1.0,0.08,0.0,0.0,0.0,0.01818181818181820,0.05454545454545450,0.03636363636363640
Qwen_Qwen3-1.7B_Qwen_Qwen3-1.7B,5_mashed_carrot_and_chickpea_patty,5,0.0,0.0,0.0,120,0.0,0.0,0.0,0.0,0.0,0.0,0.12766314376782400,0.07142857142857140,1.0,0.0,0.0,0.0,0.05405405405405410,0.04054054054054050,0.0472972972972973
Qwen_Qwen3-1.7B_Qwen_Qwen3-1.7B,5_mashed_cauliflower_and_lentil_patty,5,0.0,0.0,0.0,120,0.0,0.0,0.0,0.0,0.0,0.0,0.12766314376782400,0.07142857142857140,1.0,0.0,0.0,0.0,0.04950495049504950,0.039603960396039600,0.04455445544554460
Qwen_Qwen3-1.7B_Qwen_Qwen3-1.7B,3_baked_mushroom_soup,3,0.0,0.0,0.0,120,0.0,0.0,0.0,0.0,0.0,0.0,0.24074659917747500,0.14285714285714300,1.0,0.0,0.0,0.0,0.08333333333333330,0.08333333333333330,0.08333333333333330
Qwen_Qwen3-1.7B_Qwen_Qwen3-1.7B,3_baked_bell_pepper_soup,3,0.0,0.0,0.0,120,0.0,0.0,0.0,0.0,0.0,0.0,0.19796142598638200,0.14285714285714300,0.6969696969696970,0.06050737219532650,0.0,0.4285495643554830,0.13761467889908300,0.05504587155963300,0.0963302752293578
Qwen_Qwen3-1.7B_Qwen_Qwen3-1.7B,3_baked_carrot_soup,3,0.0,0.0,0.0,120,0.0,0.0,0.0,0.0,0.0,0.0,0.15608758530302300,0.10714285714285700,0.5357142857142860,0.09858077418217980,0.06185895741317420,0.4670248868079290,0.3333333333333330,0.15555555555555600,0.24444444444444400
Qwen_Qwen3-1.7B_Qwen_Qwen3-1.7B,1_baked_bell_pepper,1,0.0,0.0,0.0,120,0.0,0.0,0.0,0.0,0.0,0.0,0.41324348645987100,0.5,0.4666666666666670,0.2936497833600250,0.408248290463863,0.41096093353126500,0.2857142857142860,0.17142857142857100,0.22857142857142900
Qwen_Qwen3-1.7B_Qwen_Qwen3-1.7B,5_mashed_broccoli_and_bean_patty,5,0.0,0.0,0.0,120,0.0,0.0,0.0,0.0,0.0,0.0,0.08171572214596060,0.05714285714285710,0.2857142857142860,0.0731456289147247,0.05345224838248490,0.37252585172586600,0.3438914027149320,0.1493212669683260,0.24660633484162900
Qwen_Qwen3-1.7B_Qwen_Qwen3-1.7B,1_boiled_egg,1,0.0,0.0,0.0,120,0.0,0.0,0.0,0.0,0.0,0.0,0.6554694229112830,0.5,1.0,0.0,0.0,0.0,0.022058823529411800,0.08088235294117650,0.05147058823529410
Qwen_Qwen3-1.7B_Qwen_Qwen3-1.7B,1_baked_sweet_potato,1,0.0,0.0,0.0,120,0.0,0.0,0.0,0.0,0.0,0.0,0.5420292122090850,0.8333333333333330,0.5396825396825400,0.08337294502125500,0.23570226039551600,0.3260736283202240,0.13609467455621300,0.14201183431952700,0.1390532544378700
Qwen_Qwen3-32B_Qwen_Qwen3-14B,5_mashed_carrot_and_chickpea_patty,5,0.0,0.0,0.0,120,0.09862623120787970,0.1346153846153850,0.07608695652173910,0.1708256434110830,0.23316068563427200,0.13178647448893600,0.2074022262876420,0.4285714285714290,0.13236983903459900,0.024457603811193300,0.07142857142857140,0.014575689047666600,0.1712962962962960,0.2037037037037040,0.1875
Qwen_Qwen3-32B_Qwen_Qwen3-14B,1_baked_sweet_potato,1,1.0,0.0,0.0,22,0.9202562403357630,1.0,0.8571428571428570,0.0797437596642368,0.0,0.14285714285714300,0.6328769218073020,1.0,0.47619047619047600,0.17540773034352100,0.0,0.19047619047619000,0.4666666666666670,0.6,0.5333333333333330
Qwen_Qwen3-32B_Qwen_Qwen3-14B,5_mashed_broccoli_and_bean_patty,5,0.0,0.0,0.0,120,0.20763134938384300,0.20512820512820500,0.21401515151515200,0.16938028323527100,0.15806189751202500,0.1865121667289420,0.18371064161438500,0.38095238095238100,0.11761849261849300,0.11297641900628500,0.2208004403689450,0.07464757206857570,0.1377551020408160,0.15306122448979600,0.14540816326530600
Qwen_Qwen3-32B_Qwen_Qwen3-14B,3_baked_bell_pepper_soup,3,0.6666666666666670,0.0,0.0,109,0.7647678177138420,0.9259259259259260,0.665359477124183,0.17255807899774100,0.10475656017578500,0.23800902853314600,0.33558952369591000,1.0,0.19428090832632500,0.046578913163648700,0.0,0.03330359945033360,0.18604651162790700,0.20155038759689900,0.1937984496124030
Qwen_Qwen3-32B_Qwen_Qwen3-14B,1_baked_bell_pepper,1,1.0,0.0,0.0,17,1.0,1.0,1.0,0.0,0.0,0.0,0.7499216984581510,1.0,0.625,0.17828563927269500,0.0,0.24650332429581700,0.5238095238095240,0.6190476190476190,0.5714285714285710
Qwen_Qwen3-32B_Qwen_Qwen3-14B,3_baked_carrot_soup,3,0.3333333333333330,0.0,0.0,120,0.36531349806690200,0.3703703703703700,0.3611111111111110,0.450497030259485,0.4475202212442430,0.45304184528611400,0.44021296787263500,0.9047619047619050,0.3398467432950190,0.3152225393162570,0.13468700594029500,0.31095551916500000,0.19393939393939400,0.22424242424242400,0.2090909090909090
Qwen_Qwen3-32B_Qwen_Qwen3-14B,1_boiled_egg,1,1.0,0.0,0.0,56,0.7248999809487520,1.0,0.5555555555555560,0.0,0.0,0.0,0.29657053780202600,1.0,0.16666666666666700,0.0,0.0,0.0,0.2777777777777780,0.2777777777777780,0.2777777777777780
Qwen_Qwen3-32B_Qwen_Qwen3-14B,3_baked_mushroom_soup,3,0.0,0.0,0.0,120,0.12420434143953000,0.1111111111111110,0.14285714285714300,0.0,0.0,0.0,0.29657053780202600,1.0,0.16666666666666700,0.0,0.0,0.0,0.15517241379310300,0.13793103448275900,0.14655172413793100
Qwen_Qwen3-32B_Qwen_Qwen3-1.7B,1_baked_sweet_potato,1,1.0,0.0,0.0,22,1.0,1.0,1.0,0.0,0.0,0.0,0.718675205877826,1.0,0.5600000000000000,0.10974870975109300,0.0,0.13063945294843600,0.3925233644859810,0.34579439252336400,0.3691588785046730
Qwen_Qwen3-32B_Qwen_Qwen3-1.7B,3_baked_carrot_soup,3,0.0,0.0,0.0,120,0.0,0.0,0.0,0.0,0.0,0.0,0.24074659917747500,0.14285714285714300,1.0,0.0,0.0,0.0,0.07142857142857140,0.026785714285714300,0.049107142857142900
Qwen_Qwen3-32B_Qwen_Qwen3-1.7B,5_mashed_broccoli_and_bean_patty,5,0.0,0.0,0.0,120,0.0,0.0,0.0,0.0,0.0,0.0,0.12766314376782400,0.07142857142857140,1.0,0.0,0.0,0.0,0.0705521472392638,0.018404907975460100,0.04447852760736200
Qwen_Qwen3-32B_Qwen_Qwen3-1.7B,1_baked_bell_pepper,1,1.0,0.0,0.0,17,1.0,1.0,1.0,0.0,0.0,0.0,0.6596480798981000,1.0,0.49333333333333300,0.12410805594108800,0.0,0.1436043948569200,0.23776223776223800,0.2097902097902100,0.22377622377622400
Qwen_Qwen3-32B_Qwen_Qwen3-1.7B,3_baked_mushroom_soup,3,0.0,0.0,0.0,120,0.0,0.0,0.0,0.0,0.0,0.0,0.24074659917747500,0.14285714285714300,1.0,0.0,0.0,0.0,0.12,0.03111111111111110,0.07555555555555560
Qwen_Qwen3-32B_Qwen_Qwen3-1.7B,3_baked_bell_pepper_soup,3,0.0,0.0,0.0,120,0.0,0.0,0.0,0.0,0.0,0.0,0.2856677058391540,0.23809523809523800,0.37777777777777800,0.06341702587087980,0.06734350297014740,0.03142696805273550,0.6858974358974360,0.0641025641025641,0.375
Qwen_Qwen3-32B_Qwen_Qwen3-1.7B,5_mashed_carrot_and_chickpea_patty,5,0.0,0.0,0.0,120,0.0,0.0,0.0,0.0,0.0,0.0,0.12143945775834600,0.07142857142857140,0.8,0.01077974037877150,0.0,0.34641016151377500,0.07407407407407410,0.032679738562091500,0.053376906318082800
Qwen_Qwen3-32B_Qwen_Qwen3-1.7B,1_boiled_egg,1,1.0,0.0,0.0,19,1.0,1.0,1.0,0.0,0.0,0.0,0.58426103646833,1.0,0.4,0.0,0.0,0.0,0.6,0.6,0.6
Qwen_Qwen3-0.6B_Qwen_Qwen3-4B,5_mashed_carrot_and_chickpea_patty,5,0.0,0.0,0.0,120,0.0,0.0,0.0,0.0,0.0,0.0,0.061234182474198800,0.07142857142857140,0.05484737484737490,0.009276595019577570,0.0,0.01591676135936990,0.058091286307053900,0.07883817427385890,0.06846473029045640
Qwen_Qwen3-0.6B_Qwen_Qwen3-4B,1_baked_sweet_potato,1,0.0,0.0,0.0,120,0.26003722695986300,0.20000000000000000,0.4166666666666670,0.027628947031208900,2.77555756156289E-17,0.11785113019775800,0.23639532793958000,1.0,0.12810457516339900,0.012015248729774300,0.0,0.007394580718290690,0.028070175438596500,0.031578947368421100,0.029824561403508800
Qwen_Qwen3-0.6B_Qwen_Qwen3-4B,5_mashed_broccoli_and_bean_patty,5,0.0,0.0,0.0,120,0.0,0.0,0.0,0.0,0.0,0.0,0.06198649620272940,0.07142857142857140,0.05516339869281050,0.007248069760301250,0.0,0.01119003114197790,0.0,0.012903225806451600,0.0064516129032258100
Qwen_Qwen3-0.6B_Qwen_Qwen3-4B,3_baked_carrot_soup,3,0.0,0.0,0.0,120,0.0,0.0,0.0,0.0,0.0,0.0,0.06854003422498420,0.14285714285714300,0.043478260869565200,0.0,0.0,0.0,0.0,0.010416666666666700,0.005208333333333330
Qwen_Qwen3-0.6B_Qwen_Qwen3-4B,1_baked_bell_pepper,1,0.0,0.0,0.0,120,0.1490084731010890,0.20000000000000000,0.11666666666666700,0.00944542576211473,2.77555756156289E-17,0.01178511301977580,0.1688125294090010,1.0,0.08806787082649150,0.0240982710790022,0.0,0.013646583665478300,0.0035714285714285700,0.010714285714285700,0.007142857142857140
Qwen_Qwen3-0.6B_Qwen_Qwen3-4B,3_baked_bell_pepper_soup,3,0.0,0.0,0.0,120,0.0,0.0,0.0,0.0,0.0,0.0,0.09423143778384560,0.14285714285714300,0.06951871657754010,0.012840805875087400,0.0,0.015125278741958200,0.017543859649122800,0.021052631578947400,0.019298245614035100
Qwen_Qwen3-0.6B_Qwen_Qwen3-4B,5_mashed_cauliflower_and_lentil_patty,5,0.0,0.0,0.0,120,0.0,0.0,0.0,0.0,0.0,0.0,0.053201121081471000,0.07142857142857140,0.042444821731748700,0.007879222445296830,0.0,0.010186757215619700,0.020100502512562800,0.07035175879396990,0.04522613065326630
Qwen_Qwen3-4B_Qwen_Qwen3-8B,5_mashed_broccoli_and_bean_patty,5,0.0,0.0,0.0,120,0.0,0.0,0.0,0.0,0.0,0.0,0.04699204259072650,0.07142857142857140,0.03477494057204200,0.0076067988201688200,0.0,0.008187495127610510,0.004878048780487810,0.01951219512195120,0.012195121951219500
Qwen_Qwen3-4B_Qwen_Qwen3-8B,1_baked_sweet_potato,1,0.0,0.0,0.0,120,0.34973257611809300,0.6,0.25181159420289900,0.10050672557041800,0.0,0.09985154912696140,0.14667708868505900,1.0,0.07551375827237900,0.01946774668505970,0.0,0.010926523653857800,0.07142857142857140,0.07142857142857140,0.07142857142857140
Qwen_Qwen3-4B_Qwen_Qwen3-8B,5_mashed_carrot_and_chickpea_patty,5,0.0,0.0,0.0,120,0.0,0.0,0.0,0.0,0.0,0.0,0.047382181445587700,0.07142857142857140,0.034523809523809500,0.0010644699422401700,0.0,0.0011904761904761900,0.028846153846153800,0.038461538461538500,0.03365384615384620
Qwen_Qwen3-4B_Qwen_Qwen3-8B,1_baked_bell_pepper,1,0.4,0.0,0.0,30,0.589632286706688,0.76,0.5275000000000000,0.339054484097273,0.19595917942265400,0.38894086954188800,0.20141160008203300,1.0,0.10920275960598500,0.08107372797812550,0.0,0.049220528471080200,0.08860759493670890,0.08860759493670890,0.08860759493670890
Qwen_Qwen3-4B_Qwen_Qwen3-8B,3_baked_carrot_soup,3,0.0,0.0,0.0,120,0.0,0.0,0.0,0.0,0.0,0.0,0.03527721119970330,0.14285714285714300,0.019230769230769200,0.0,0.0,0.0,0.05405405405405410,0.04054054054054050,0.0472972972972973
Qwen_Qwen3-4B_Qwen_Qwen3-8B,3_baked_bell_pepper_soup,3,0.0,0.0,0.0,120,0.0,0.0,0.0,0.0,0.0,0.0,0.05484669236949750,0.14285714285714300,0.03282143932550440,0.008209872197450320,0.0,0.005961755457158490,0.026881720430107500,0.03225806451612900,0.02956989247311830