UID,p0,p1,recipe,p0_valid_actions,p1_valid_actions,p0_total_actions,p1_total_actions,free_ride_index,alternation_rate
2025-08-27_02-06-41,Qwen3-14B,Qwen3-14B,sliced_eggplant_and_chickpea_stew,5,2,21,10,0.428571,0.500000
2025-08-27_02-32-42,Qwen3-14B,Qwen3-14B,sliced_eggplant_and_chickpea_stew,6,5,15,14,0.090909,0.700000
2025-08-27_03-22-39,Qwen3-14B,Qwen3-14B,sliced_eggplant_and_chickpea_stew,3,6,21,18,0.333333,0.500000
2025-08-27_04-13-49,Qwen3-14B,Qwen3-14B,sliced_eggplant_and_chickpea_stew,1,2,8,9,0.333333,1.000000
2025-08-27_04-29-19,Qwen3-14B,Qwen3-14B,sliced_eggplant_and_chickpea_stew,4,1,7,5,0.600000,0.250000
2025-08-27_04-41-11,Qwen3-14B,Qwen3-14B,sliced_eggplant_and_chickpea_stew,2,4,16,25,0.333333,0.400000
2025-08-27_05-17-59,Qwen3-14B,Qwen3-14B,sliced_eggplant_and_chickpea_stew,1,1,6,7,0.000000,1.000000
2025-08-27_05-26-40,Qwen3-14B,Qwen3-14B,sliced_eggplant_and_chickpea_stew,8,3,11,14,0.454545,0.500000
2025-08-27_05-48-10,Qwen3-14B,Qwen3-14B,sliced_eggplant_and_chickpea_stew,7,3,23,31,0.400000,0.555556
2025-08-27_06-31-55,Qwen3-14B,Qwen3-14B,sliced_eggplant_and_chickpea_stew,1,1,5,3,0.000000,1.000000
2025-08-26_15-45-57,Qwen3-14B,Qwen3-14B,sliced_pumpkin_and_chickpea_stew,5,6,15,21,0.090909,0.700000
2025-08-26_16-10-38,Qwen3-14B,Qwen3-14B,sliced_pumpkin_and_chickpea_stew,3,4,12,9,0.142857,0.666667
2025-08-26_16-57-44,Qwen3-14B,Qwen3-14B,sliced_pumpkin_and_chickpea_stew,0,0,0,0,0.000000,0.000000
2025-08-26_17-00-23,Qwen3-14B,Qwen3-14B,sliced_pumpkin_and_chickpea_stew,3,3,15,7,0.000000,0.800000
2025-08-26_17-30-18,Qwen3-14B,Qwen3-14B,sliced_pumpkin_and_chickpea_stew,9,2,20,9,0.636364,0.400000
2025-08-26_17-49-43,Qwen3-14B,Qwen3-14B,sliced_pumpkin_and_chickpea_stew,5,2,21,6,0.428571,0.500000
2025-08-26_18-37-50,Qwen3-14B,Qwen3-14B,sliced_pumpkin_and_chickpea_stew,1,1,1,3,0.000000,1.000000
2025-08-26_18-41-23,Qwen3-14B,Qwen3-14B,sliced_pumpkin_and_chickpea_stew,0,0,0,0,0.000000,0.000000
2025-08-26_18-45-12,Qwen3-14B,Qwen3-14B,sliced_pumpkin_and_chickpea_stew,2,8,6,11,0.600000,0.111111
2025-08-26_19-13-05,Qwen3-14B,Qwen3-14B,sliced_pumpkin_and_chickpea_stew,8,3,12,8,0.454545,0.500000
2025-08-26_19-47-22,Qwen3-14B,Qwen3-14B,sliced_zucchini_and_chickpea_stew,0,0,0,0,0.000000,0.000000
2025-08-26_19-49-11,Qwen3-14B,Qwen3-14B,sliced_zucchini_and_chickpea_stew,4,3,16,11,0.142857,0.500000
2025-08-26_20-12-15,Qwen3-14B,Qwen3-14B,sliced_zucchini_and_chickpea_stew,8,3,14,20,0.454545,0.500000
2025-08-26_20-35-32,Qwen3-14B,Qwen3-14B,sliced_zucchini_and_chickpea_stew,1,4,16,16,0.600000,0.500000
2025-08-26_21-31-10,Qwen3-14B,Qwen3-14B,sliced_zucchini_and_chickpea_stew,6,2,14,20,0.500000,0.428571
2025-08-26_21-57-19,Qwen3-14B,Qwen3-14B,sliced_zucchini_and_chickpea_stew,5,2,21,7,0.428571,0.500000
2025-08-26_22-26-46,Qwen3-14B,Qwen3-14B,sliced_zucchini_and_chickpea_stew,6,1,10,6,0.714286,0.166667
2025-08-26_22-40-34,Qwen3-14B,Qwen3-14B,sliced_zucchini_and_chickpea_stew,5,6,19,23,0.090909,0.700000
2025-08-26_23-14-47,Qwen3-14B,Qwen3-14B,sliced_zucchini_and_chickpea_stew,5,6,14,16,0.090909,0.500000
2025-08-26_15-45-56,Qwen3-14B,Qwen3-14B,sliced_bell_pepper_and_corn_stew,7,4,15,13,0.272727,0.700000
2025-08-26_16-09-37,Qwen3-14B,Qwen3-14B,sliced_bell_pepper_and_corn_stew,7,4,17,22,0.272727,0.700000
2025-08-26_16-52-13,Qwen3-14B,Qwen3-14B,sliced_bell_pepper_and_corn_stew,4,7,8,13,0.272727,0.300000
2025-08-26_17-29-24,Qwen3-14B,Qwen3-14B,sliced_bell_pepper_and_corn_stew,2,5,10,13,0.428571,0.333333
2025-08-26_17-45-40,Qwen3-14B,Qwen3-14B,sliced_bell_pepper_and_corn_stew,5,3,14,12,0.250000,0.714286
2025-08-26_18-10-42,Qwen3-14B,Qwen3-14B,sliced_bell_pepper_and_corn_stew,6,1,22,15,0.714286,0.166667
2025-08-26_19-02-11,Qwen3-14B,Qwen3-14B,sliced_bell_pepper_and_corn_stew,1,1,1,3,0.000000,1.000000
2025-08-26_19-05-37,Qwen3-14B,Qwen3-14B,sliced_bell_pepper_and_corn_stew,0,2,1,5,1.000000,0.000000
2025-08-26_19-12-55,Qwen3-14B,Qwen3-14B,sliced_bell_pepper_and_corn_stew,7,4,14,20,0.272727,0.300000
2025-08-26_19-39-38,Qwen3-14B,Qwen3-14B,sliced_bell_pepper_and_corn_stew,4,3,13,15,0.142857,0.333333
2025-08-26_20-14-05,Qwen3-14B,Qwen3-14B,sliced_bell_pepper_and_lentil_stew,2,2,4,5,0.000000,0.333333
2025-08-26_20-32-59,Qwen3-14B,Qwen3-14B,sliced_bell_pepper_and_lentil_stew,1,2,2,5,0.333333,1.000000
2025-08-26_20-52-17,Qwen3-14B,Qwen3-14B,sliced_bell_pepper_and_lentil_stew,8,3,22,14,0.454545,0.500000
2025-08-26_21-26-19,Qwen3-14B,Qwen3-14B,sliced_bell_pepper_and_lentil_stew,3,2,7,11,0.200000,0.500000
2025-08-26_21-44-08,Qwen3-14B,Qwen3-14B,sliced_bell_pepper_and_lentil_stew,1,4,6,12,0.600000,0.500000
2025-08-26_22-20-43,Qwen3-14B,Qwen3-14B,sliced_bell_pepper_and_lentil_stew,7,2,40,20,0.555556,0.250000
2025-08-26_23-38-49,Qwen3-14B,Qwen3-14B,sliced_bell_pepper_and_lentil_stew,1,4,8,12,0.600000,0.250000
2025-08-26_23-59-32,Qwen3-14B,Qwen3-14B,sliced_bell_pepper_and_lentil_stew,6,5,14,14,0.090909,0.600000
2025-08-27_00-27-45,Qwen3-14B,Qwen3-14B,sliced_bell_pepper_and_lentil_stew,8,3,18,7,0.454545,0.400000
2025-08-27_01-24-48,Qwen3-14B,Qwen3-14B,sliced_bell_pepper_and_lentil_stew,7,4,18,10,0.272727,0.700000
2025-08-26_15-45-57,Qwen3-14B,Qwen3-1.7B,sliced_eggplant_and_chickpea_stew,0,1,0,3,1.000000,0.000000
2025-08-26_17-15-34,Qwen3-14B,Qwen3-1.7B,sliced_eggplant_and_chickpea_stew,3,1,4,3,0.500000,0.333333
2025-08-26_17-32-53,Qwen3-14B,Qwen3-1.7B,sliced_eggplant_and_chickpea_stew,0,0,0,0,0.000000,0.000000
2025-08-26_17-34-58,Qwen3-14B,Qwen3-1.7B,sliced_eggplant_and_chickpea_stew,4,1,8,87,0.600000,0.250000
2025-08-26_18-13-39,Qwen3-14B,Qwen3-1.7B,sliced_eggplant_and_chickpea_stew,0,1,0,3,1.000000,0.000000
2025-08-26_19-38-53,Qwen3-14B,Qwen3-1.7B,sliced_eggplant_and_chickpea_stew,1,1,69,5,0.000000,1.000000
2025-08-26_20-43-45,Qwen3-14B,Qwen3-1.7B,sliced_eggplant_and_chickpea_stew,1,0,1,0,1.000000,0.000000
2025-08-26_20-46-36,Qwen3-14B,Qwen3-1.7B,sliced_eggplant_and_chickpea_stew,8,2,23,9,0.600000,0.222222
2025-08-26_21-41-56,Qwen3-14B,Qwen3-1.7B,sliced_eggplant_and_chickpea_stew,1,3,93,10,0.500000,0.666667
2025-08-26_21-49-24,Qwen3-14B,Qwen3-1.7B,sliced_eggplant_and_chickpea_stew,0,0,0,0,0.000000,0.000000
2025-08-26_21-52-07,Qwen3-14B,Qwen3-1.7B,sliced_pumpkin_and_chickpea_stew,2,2,7,5,0.000000,1.000000
2025-08-26_22-30-28,Qwen3-14B,Qwen3-1.7B,sliced_pumpkin_and_chickpea_stew,2,1,21,81,0.333333,0.500000
2025-08-26_23-24-54,Qwen3-14B,Qwen3-1.7B,sliced_pumpkin_and_chickpea_stew,0,0,0,0,0.000000,0.000000
2025-08-26_23-26-17,Qwen3-14B,Qwen3-1.7B,sliced_pumpkin_and_chickpea_stew,0,0,0,0,0.000000,0.000000
2025-08-26_23-27-36,Qwen3-14B,Qwen3-1.7B,sliced_pumpkin_and_chickpea_stew,2,1,11,9,0.333333,0.500000
2025-08-27_00-31-54,Qwen3-14B,Qwen3-1.7B,sliced_pumpkin_and_chickpea_stew,4,1,30,11,0.600000,0.250000
2025-08-27_01-23-27,Qwen3-14B,Qwen3-1.7B,sliced_pumpkin_and_chickpea_stew,0,0,0,0,0.000000,0.000000
2025-08-27_01-24-40,Qwen3-14B,Qwen3-1.7B,sliced_pumpkin_and_chickpea_stew,0,0,0,0,0.000000,0.000000
2025-08-27_01-27-12,Qwen3-14B,Qwen3-1.7B,sliced_pumpkin_and_chickpea_stew,0,0,0,0,0.000000,0.000000
2025-08-27_01-28-24,Qwen3-14B,Qwen3-1.7B,sliced_pumpkin_and_chickpea_stew,0,0,0,0,0.000000,0.000000
2025-08-27_01-30-12,Qwen3-14B,Qwen3-1.7B,sliced_zucchini_and_chickpea_stew,1,1,2,3,0.000000,1.000000
2025-08-27_01-42-37,Qwen3-14B,Qwen3-1.7B,sliced_zucchini_and_chickpea_stew,0,0,0,0,0.000000,0.000000
2025-08-27_01-44-06,Qwen3-14B,Qwen3-1.7B,sliced_zucchini_and_chickpea_stew,4,1,16,14,0.600000,0.250000
2025-08-27_02-44-15,Qwen3-14B,Qwen3-1.7B,sliced_zucchini_and_chickpea_stew,6,1,16,7,0.714286,0.166667
2025-08-27_03-50-41,Qwen3-14B,Qwen3-1.7B,sliced_zucchini_and_chickpea_stew,2,1,9,9,0.333333,0.500000
2025-08-27_04-07-14,Qwen3-14B,Qwen3-1.7B,sliced_zucchini_and_chickpea_stew,2,2,14,5,0.000000,0.666667
2025-08-27_04-16-24,Qwen3-14B,Qwen3-1.7B,sliced_zucchini_and_chickpea_stew,1,3,6,5,0.500000,0.333333
2025-08-27_04-25-21,Qwen3-14B,Qwen3-1.7B,sliced_zucchini_and_chickpea_stew,1,1,1,1,0.000000,1.000000
2025-08-27_04-39-55,Qwen3-14B,Qwen3-1.7B,sliced_zucchini_and_chickpea_stew,2,1,8,9,0.333333,0.500000
2025-08-27_04-57-35,Qwen3-14B,Qwen3-1.7B,sliced_zucchini_and_chickpea_stew,0,0,0,0,0.000000,0.000000
2025-08-26_20-59-23,Qwen3-14B,Qwen3-1.7B,sliced_bell_pepper_and_corn_stew,0,0,0,0,0.000000,0.000000
2025-08-26_21-00-42,Qwen3-14B,Qwen3-1.7B,sliced_bell_pepper_and_corn_stew,1,1,3,3,0.000000,1.000000
2025-08-26_21-11-10,Qwen3-14B,Qwen3-1.7B,sliced_bell_pepper_and_corn_stew,2,2,4,7,0.000000,1.000000
2025-08-26_22-18-41,Qwen3-14B,Qwen3-1.7B,sliced_bell_pepper_and_corn_stew,0,0,0,0,0.000000,0.000000
2025-08-26_22-20-50,Qwen3-14B,Qwen3-1.7B,sliced_bell_pepper_and_corn_stew,2,1,5,90,0.333333,0.500000
2025-08-26_23-01-46,Qwen3-14B,Qwen3-1.7B,sliced_bell_pepper_and_corn_stew,1,0,1,0,1.000000,0.000000
2025-08-26_23-03-22,Qwen3-14B,Qwen3-1.7B,sliced_bell_pepper_and_corn_stew,2,2,6,3,0.000000,1.000000
2025-08-27_00-17-14,Qwen3-14B,Qwen3-1.7B,sliced_bell_pepper_and_corn_stew,1,1,2,3,0.000000,1.000000
2025-08-27_01-36-30,Qwen3-14B,Qwen3-1.7B,sliced_bell_pepper_and_corn_stew,0,0,0,0,0.000000,0.000000
2025-08-27_01-37-26,Qwen3-14B,Qwen3-1.7B,sliced_bell_pepper_and_corn_stew,4,3,15,13,0.142857,0.500000
2025-08-27_02-20-09,Qwen3-14B,Qwen3-1.7B,sliced_bell_pepper_and_lentil_stew,0,0,0,0,0.000000,0.000000
2025-08-27_02-22-27,Qwen3-14B,Qwen3-1.7B,sliced_bell_pepper_and_lentil_stew,2,1,9,3,0.333333,0.500000
2025-08-27_03-09-38,Qwen3-14B,Qwen3-1.7B,sliced_bell_pepper_and_lentil_stew,0,1,0,1,1.000000,0.000000
2025-08-27_04-36-46,Qwen3-14B,Qwen3-1.7B,sliced_bell_pepper_and_lentil_stew,2,1,9,10,0.333333,0.500000
2025-08-27_05-03-55,Qwen3-14B,Qwen3-1.7B,sliced_bell_pepper_and_lentil_stew,0,1,0,1,1.000000,0.000000
2025-08-27_06-33-15,Qwen3-14B,Qwen3-1.7B,sliced_bell_pepper_and_lentil_stew,2,2,6,7,0.000000,1.000000
2025-08-27_07-32-40,Qwen3-14B,Qwen3-1.7B,sliced_bell_pepper_and_lentil_stew,1,2,2,5,0.333333,1.000000
2025-08-27_08-37-30,Qwen3-14B,Qwen3-1.7B,sliced_bell_pepper_and_lentil_stew,3,2,11,4,0.200000,0.750000
2025-08-27_09-48-17,Qwen3-14B,Qwen3-1.7B,sliced_bell_pepper_and_lentil_stew,2,1,14,9,0.333333,0.500000
2025-08-27_10-27-56,Qwen3-14B,Qwen3-1.7B,sliced_bell_pepper_and_lentil_stew,0,0,0,0,0.000000,0.000000
2025-08-26_21-53-10,Qwen3-14B,Qwen3-32B,sliced_eggplant_and_chickpea_stew,8,1,28,11,0.777778,0.125000
2025-08-26_23-08-58,Qwen3-14B,Qwen3-32B,sliced_eggplant_and_chickpea_stew,7,4,11,9,0.272727,0.700000
2025-08-26_23-24-48,Qwen3-14B,Qwen3-32B,sliced_eggplant_and_chickpea_stew,6,1,9,8,0.714286,0.166667
2025-08-26_23-37-21,Qwen3-14B,Qwen3-32B,sliced_eggplant_and_chickpea_stew,2,5,13,12,0.428571,0.666667
2025-08-26_23-58-02,Qwen3-14B,Qwen3-32B,sliced_eggplant_and_chickpea_stew,5,6,11,21,0.090909,0.700000
2025-08-27_00-29-40,Qwen3-14B,Qwen3-32B,sliced_eggplant_and_chickpea_stew,2,5,7,9,0.428571,0.500000
2025-08-27_01-19-09,Qwen3-14B,Qwen3-32B,sliced_eggplant_and_chickpea_stew,8,1,10,9,0.777778,0.125000
2025-08-27_02-09-24,Qwen3-14B,Qwen3-32B,sliced_eggplant_and_chickpea_stew,6,1,13,16,0.714286,0.166667
2025-08-27_02-21-08,Qwen3-14B,Qwen3-32B,sliced_eggplant_and_chickpea_stew,1,1,1,2,0.000000,1.000000
2025-08-27_02-26-43,Qwen3-14B,Qwen3-32B,sliced_eggplant_and_chickpea_stew,1,6,7,11,0.714286,0.333333
2025-08-27_02-42-09,Qwen3-14B,Qwen3-32B,sliced_pumpkin_and_chickpea_stew,6,2,15,14,0.500000,0.285714
2025-08-27_03-30-44,Qwen3-14B,Qwen3-32B,sliced_pumpkin_and_chickpea_stew,3,2,13,9,0.200000,0.750000
2025-08-27_03-49-48,Qwen3-14B,Qwen3-32B,sliced_pumpkin_and_chickpea_stew,1,6,10,22,0.714286,0.333333
2025-08-27_04-29-53,Qwen3-14B,Qwen3-32B,sliced_pumpkin_and_chickpea_stew,1,1,1,3,0.000000,1.000000
2025-08-27_04-34-36,Qwen3-14B,Qwen3-32B,sliced_pumpkin_and_chickpea_stew,5,3,18,14,0.250000,0.285714
2025-08-27_05-03-30,Qwen3-14B,Qwen3-32B,sliced_pumpkin_and_chickpea_stew,4,4,19,19,0.000000,0.571429
2025-08-27_05-31-52,Qwen3-14B,Qwen3-32B,sliced_pumpkin_and_chickpea_stew,9,2,23,29,0.636364,0.300000
2025-08-27_06-15-23,Qwen3-14B,Qwen3-32B,sliced_pumpkin_and_chickpea_stew,6,3,18,8,0.333333,0.375000
2025-08-27_06-56-23,Qwen3-14B,Qwen3-32B,sliced_pumpkin_and_chickpea_stew,6,3,19,23,0.333333,0.375000
2025-08-27_07-28-48,Qwen3-14B,Qwen3-32B,sliced_pumpkin_and_chickpea_stew,4,1,5,6,0.600000,0.250000
2025-08-26_15-45-58,Qwen3-14B,Qwen3-32B,sliced_zucchini_and_chickpea_stew,5,2,10,4,0.428571,0.500000
2025-08-26_16-06-05,Qwen3-14B,Qwen3-32B,sliced_zucchini_and_chickpea_stew,4,3,10,13,0.142857,0.666667
2025-08-26_16-39-58,Qwen3-14B,Qwen3-32B,sliced_zucchini_and_chickpea_stew,1,6,9,19,0.714286,0.333333
2025-08-26_16-59-45,Qwen3-14B,Qwen3-32B,sliced_zucchini_and_chickpea_stew,1,0,1,0,1.000000,0.000000
2025-08-26_17-12-22,Qwen3-14B,Qwen3-32B,sliced_zucchini_and_chickpea_stew,4,4,32,22,0.000000,0.714286
2025-08-26_18-13-25,Qwen3-14B,Qwen3-32B,sliced_zucchini_and_chickpea_stew,5,2,12,5,0.428571,0.500000
2025-08-26_18-31-41,Qwen3-14B,Qwen3-32B,sliced_zucchini_and_chickpea_stew,3,1,7,5,0.500000,0.333333
2025-08-26_18-47-28,Qwen3-14B,Qwen3-32B,sliced_zucchini_and_chickpea_stew,7,4,21,14,0.272727,0.600000
2025-08-26_19-13-06,Qwen3-14B,Qwen3-32B,sliced_zucchini_and_chickpea_stew,2,4,4,6,0.333333,0.400000
2025-08-27_00-07-39,Qwen3-14B,Qwen3-32B,sliced_bell_pepper_and_corn_stew,2,7,9,16,0.555556,0.500000
2025-08-27_00-43-20,Qwen3-14B,Qwen3-32B,sliced_bell_pepper_and_corn_stew,5,1,7,7,0.666667,0.200000
2025-08-27_00-58-53,Qwen3-14B,Qwen3-32B,sliced_bell_pepper_and_corn_stew,1,2,6,18,0.333333,1.000000
2025-08-27_01-16-22,Qwen3-14B,Qwen3-32B,sliced_bell_pepper_and_corn_stew,5,2,14,8,0.428571,0.500000
2025-08-27_01-35-01,Qwen3-14B,Qwen3-32B,sliced_bell_pepper_and_corn_stew,8,3,13,10,0.454545,0.300000
2025-08-27_02-11-38,Qwen3-14B,Qwen3-32B,sliced_bell_pepper_and_corn_stew,5,2,10,4,0.428571,0.500000
2025-08-27_02-28-04,Qwen3-14B,Qwen3-32B,sliced_bell_pepper_and_corn_stew,4,7,16,20,0.272727,0.500000
2025-08-27_02-57-48,Qwen3-14B,Qwen3-32B,sliced_bell_pepper_and_corn_stew,5,6,13,16,0.090909,0.500000
2025-08-27_03-15-19,Qwen3-14B,Qwen3-32B,sliced_bell_pepper_and_corn_stew,6,1,13,14,0.714286,0.166667
2025-08-27_03-39-47,Qwen3-14B,Qwen3-32B,sliced_bell_pepper_and_corn_stew,6,1,19,12,0.714286,0.166667
2025-08-26_15-45-55,Qwen3-14B,Qwen3-32B,sliced_bell_pepper_and_lentil_stew,4,7,37,16,0.272727,0.400000
2025-08-26_16-39-51,Qwen3-14B,Qwen3-32B,sliced_bell_pepper_and_lentil_stew,3,4,10,8,0.142857,0.500000
2025-08-26_17-27-34,Qwen3-14B,Qwen3-32B,sliced_bell_pepper_and_lentil_stew,1,0,1,0,1.000000,0.000000
2025-08-26_17-48-32,Qwen3-14B,Qwen3-32B,sliced_bell_pepper_and_lentil_stew,2,5,7,17,0.428571,0.333333
2025-08-26_18-29-18,Qwen3-14B,Qwen3-32B,sliced_bell_pepper_and_lentil_stew,3,6,6,15,0.333333,0.625000
2025-08-26_18-53-15,Qwen3-14B,Qwen3-32B,sliced_bell_pepper_and_lentil_stew,1,3,4,5,0.500000,0.666667
2025-08-26_19-26-04,Qwen3-14B,Qwen3-32B,sliced_bell_pepper_and_lentil_stew,5,2,14,9,0.428571,0.500000
2025-08-26_20-14-07,Qwen3-14B,Qwen3-32B,sliced_bell_pepper_and_lentil_stew,5,3,11,7,0.250000,0.428571
2025-08-26_20-41-23,Qwen3-14B,Qwen3-32B,sliced_bell_pepper_and_lentil_stew,2,2,4,9,0.000000,1.000000
2025-08-26_21-12-05,Qwen3-14B,Qwen3-32B,sliced_bell_pepper_and_lentil_stew,6,3,22,14,0.333333,0.375000
2025-08-27_00-48-49,Qwen3-14B,Qwen3-8B,sliced_eggplant_and_chickpea_stew,2,1,16,16,0.333333,0.500000
2025-08-27_01-38-54,Qwen3-14B,Qwen3-8B,sliced_eggplant_and_chickpea_stew,0,0,0,0,0.000000,0.000000
2025-08-27_01-39-57,Qwen3-14B,Qwen3-8B,sliced_eggplant_and_chickpea_stew,3,5,8,86,0.250000,0.285714
2025-08-27_02-16-32,Qwen3-14B,Qwen3-8B,sliced_eggplant_and_chickpea_stew,8,1,37,18,0.777778,0.125000
2025-08-27_03-04-38,Qwen3-14B,Qwen3-8B,sliced_eggplant_and_chickpea_stew,1,1,1,2,0.000000,1.000000
2025-08-27_03-07-36,Qwen3-14B,Qwen3-8B,sliced_eggplant_and_chickpea_stew,8,3,28,30,0.454545,0.500000
2025-08-27_03-32-54,Qwen3-14B,Qwen3-8B,sliced_eggplant_and_chickpea_stew,2,4,13,47,0.333333,0.400000
2025-08-27_04-02-10,Qwen3-14B,Qwen3-8B,sliced_eggplant_and_chickpea_stew,0,2,1,3,1.000000,0.000000
2025-08-27_04-05-06,Qwen3-14B,Qwen3-8B,sliced_eggplant_and_chickpea_stew,8,3,14,9,0.454545,0.500000
2025-08-27_04-23-23,Qwen3-14B,Qwen3-8B,sliced_eggplant_and_chickpea_stew,5,2,16,4,0.428571,0.500000
2025-08-26_15-45-58,Qwen3-14B,Qwen3-8B,sliced_pumpkin_and_chickpea_stew,5,2,8,4,0.428571,0.500000
2025-08-26_15-54-35,Qwen3-14B,Qwen3-8B,sliced_pumpkin_and_chickpea_stew,6,2,30,12,0.500000,0.428571
2025-08-26_16-29-38,Qwen3-14B,Qwen3-8B,sliced_pumpkin_and_chickpea_stew,2,1,13,26,0.333333,0.500000
2025-08-26_16-57-37,Qwen3-14B,Qwen3-8B,sliced_pumpkin_and_chickpea_stew,1,1,8,14,0.000000,1.000000
2025-08-26_17-10-31,Qwen3-14B,Qwen3-8B,sliced_pumpkin_and_chickpea_stew,3,4,12,8,0.142857,0.500000
2025-08-26_17-23-08,Qwen3-14B,Qwen3-8B,sliced_pumpkin_and_chickpea_stew,6,1,17,20,0.714286,0.166667
2025-08-26_17-41-43,Qwen3-14B,Qwen3-8B,sliced_pumpkin_and_chickpea_stew,5,2,18,22,0.428571,0.500000
2025-08-26_18-06-04,Qwen3-14B,Qwen3-8B,sliced_pumpkin_and_chickpea_stew,5,1,16,55,0.666667,0.200000
2025-08-26_18-36-18,Qwen3-14B,Qwen3-8B,sliced_pumpkin_and_chickpea_stew,2,5,16,35,0.428571,0.333333
2025-08-26_18-58-40,Qwen3-14B,Qwen3-8B,sliced_pumpkin_and_chickpea_stew,2,1,7,27,0.333333,0.500000
2025-08-26_19-35-59,Qwen3-14B,Qwen3-8B,sliced_zucchini_and_chickpea_stew,4,1,8,3,0.600000,0.250000
2025-08-26_19-43-27,Qwen3-14B,Qwen3-8B,sliced_zucchini_and_chickpea_stew,4,3,10,8,0.142857,0.333333
2025-08-26_20-21-29,Qwen3-14B,Qwen3-8B,sliced_zucchini_and_chickpea_stew,5,3,21,43,0.250000,0.428571
2025-08-26_21-08-09,Qwen3-14B,Qwen3-8B,sliced_zucchini_and_chickpea_stew,6,2,19,14,0.500000,0.428571
2025-08-26_21-30-33,Qwen3-14B,Qwen3-8B,sliced_zucchini_and_chickpea_stew,1,1,7,2,0.000000,1.000000
2025-08-26_21-39-57,Qwen3-14B,Qwen3-8B,sliced_zucchini_and_chickpea_stew,2,3,5,9,0.200000,0.750000
2025-08-26_21-47-20,Qwen3-14B,Qwen3-8B,sliced_zucchini_and_chickpea_stew,3,2,11,7,0.200000,0.750000
2025-08-26_22-03-40,Qwen3-14B,Qwen3-8B,sliced_zucchini_and_chickpea_stew,8,3,14,11,0.454545,0.500000
2025-08-26_15-45-58,Qwen3-14B,Qwen3-8B,sliced_bell_pepper_and_corn_stew,4,5,15,46,0.111111,0.625000
2025-08-26_16-25-55,Qwen3-14B,Qwen3-8B,sliced_bell_pepper_and_corn_stew,0,2,1,3,1.000000,0.000000
2025-08-26_16-29-25,Qwen3-14B,Qwen3-8B,sliced_bell_pepper_and_corn_stew,9,2,17,7,0.636364,0.300000
2025-08-26_16-48-56,Qwen3-14B,Qwen3-8B,sliced_bell_pepper_and_corn_stew,3,4,12,13,0.142857,0.500000
2025-08-26_17-07-29,Qwen3-14B,Qwen3-8B,sliced_bell_pepper_and_corn_stew,1,3,2,6,0.500000,0.666667
2025-08-26_17-18-10,Qwen3-14B,Qwen3-8B,sliced_bell_pepper_and_corn_stew,4,3,6,8,0.142857,0.333333
2025-08-26_17-30-25,Qwen3-14B,Qwen3-8B,sliced_bell_pepper_and_corn_stew,0,2,1,3,1.000000,0.000000
2025-08-26_17-33-38,Qwen3-14B,Qwen3-8B,sliced_bell_pepper_and_corn_stew,5,2,11,10,0.428571,0.500000
2025-08-26_17-47-01,Qwen3-14B,Qwen3-8B,sliced_bell_pepper_and_corn_stew,5,4,18,65,0.111111,0.500000
2025-08-26_18-25-04,Qwen3-14B,Qwen3-8B,sliced_bell_pepper_and_corn_stew,0,2,1,3,1.000000,0.000000
2025-08-26_18-30-05,Qwen3-14B,Qwen3-8B,sliced_bell_pepper_and_lentil_stew,6,3,30,68,0.333333,0.375000
2025-08-26_19-19-22,Qwen3-14B,Qwen3-8B,sliced_bell_pepper_and_lentil_stew,5,6,9,18,0.090909,0.500000
2025-08-26_19-48-43,Qwen3-14B,Qwen3-8B,sliced_bell_pepper_and_lentil_stew,4,5,23,18,0.111111,0.375000
2025-08-26_21-04-46,Qwen3-14B,Qwen3-8B,sliced_bell_pepper_and_lentil_stew,8,3,19,14,0.454545,0.600000
2025-08-26_21-37-37,Qwen3-14B,Qwen3-8B,sliced_bell_pepper_and_lentil_stew,3,7,13,20,0.400000,0.555556
2025-08-26_22-07-49,Qwen3-14B,Qwen3-8B,sliced_bell_pepper_and_lentil_stew,5,2,19,26,0.428571,0.166667
2025-08-26_23-10-37,Qwen3-14B,Qwen3-8B,sliced_bell_pepper_and_lentil_stew,1,6,9,24,0.714286,0.333333
2025-08-26_23-30-47,Qwen3-14B,Qwen3-8B,sliced_bell_pepper_and_lentil_stew,1,6,18,38,0.714286,0.333333
2025-08-27_00-06-43,Qwen3-14B,Qwen3-8B,sliced_bell_pepper_and_lentil_stew,4,5,12,23,0.111111,0.500000
2025-08-27_00-44-56,Qwen3-14B,Qwen3-8B,sliced_bell_pepper_and_lentil_stew,0,2,1,3,1.000000,0.000000
2025-08-27_01-18-51,Qwen3-1.7B,Qwen3-14B,sliced_eggplant_and_chickpea_stew,0,3,53,11,1.000000,0.000000
2025-08-27_02-01-22,Qwen3-1.7B,Qwen3-14B,sliced_eggplant_and_chickpea_stew,1,2,55,5,0.333333,0.500000
2025-08-27_03-05-38,Qwen3-1.7B,Qwen3-14B,sliced_eggplant_and_chickpea_stew,1,1,1,3,0.000000,1.000000
2025-08-27_03-09-11,Qwen3-1.7B,Qwen3-14B,sliced_eggplant_and_chickpea_stew,0,0,0,0,0.000000,0.000000
2025-08-27_03-10-22,Qwen3-1.7B,Qwen3-14B,sliced_eggplant_and_chickpea_stew,0,0,0,0,0.000000,0.000000
2025-08-27_03-11-47,Qwen3-1.7B,Qwen3-14B,sliced_eggplant_and_chickpea_stew,1,4,3,8,0.600000,0.250000
2025-08-27_04-28-44,Qwen3-1.7B,Qwen3-14B,sliced_eggplant_and_chickpea_stew,2,2,6,11,0.000000,0.666667
2025-08-27_04-57-26,Qwen3-1.7B,Qwen3-14B,sliced_eggplant_and_chickpea_stew,1,2,1,11,0.333333,1.000000
2025-08-27_06-02-12,Qwen3-1.7B,Qwen3-14B,sliced_eggplant_and_chickpea_stew,0,2,1,4,1.000000,0.000000
2025-08-27_06-40-26,Qwen3-1.7B,Qwen3-14B,sliced_eggplant_and_chickpea_stew,0,3,1,8,1.000000,0.000000
2025-08-27_07-57-58,Qwen3-1.7B,Qwen3-14B,sliced_pumpkin_and_chickpea_stew,0,2,1,4,1.000000,0.000000
2025-08-27_08-33-09,Qwen3-1.7B,Qwen3-14B,sliced_pumpkin_and_chickpea_stew,2,3,8,21,0.200000,0.500000
2025-08-27_08-57-42,Qwen3-1.7B,Qwen3-14B,sliced_pumpkin_and_chickpea_stew,0,5,47,13,1.000000,0.000000
2025-08-27_09-37-19,Qwen3-1.7B,Qwen3-14B,sliced_pumpkin_and_chickpea_stew,0,3,2,6,1.000000,0.000000
2025-08-27_09-59-04,Qwen3-1.7B,Qwen3-14B,sliced_pumpkin_and_chickpea_stew,0,3,3,19,1.000000,0.000000
2025-08-27_10-50-54,Qwen3-1.7B,Qwen3-14B,sliced_pumpkin_and_chickpea_stew,1,4,6,25,0.600000,0.500000
2025-08-27_11-35-02,Qwen3-1.7B,Qwen3-14B,sliced_pumpkin_and_chickpea_stew,0,0,0,0,0.000000,0.000000
2025-08-27_11-35-59,Qwen3-1.7B,Qwen3-14B,sliced_pumpkin_and_chickpea_stew,1,6,8,15,0.714286,0.333333
2025-08-27_11-55-35,Qwen3-1.7B,Qwen3-14B,sliced_pumpkin_and_chickpea_stew,0,2,1,3,1.000000,0.000000
2025-08-27_11-56-52,Qwen3-1.7B,Qwen3-14B,sliced_pumpkin_and_chickpea_stew,2,3,9,11,0.200000,0.250000
2025-08-26_15-45-54,Qwen3-1.7B,Qwen3-14B,sliced_zucchini_and_chickpea_stew,0,3,59,11,1.000000,0.000000
2025-08-26_16-40-03,Qwen3-1.7B,Qwen3-14B,sliced_zucchini_and_chickpea_stew,0,3,11,8,1.000000,0.000000
2025-08-26_17-46-35,Qwen3-1.7B,Qwen3-14B,sliced_zucchini_and_chickpea_stew,0,7,3,10,1.000000,0.000000
2025-08-26_19-10-36,Qwen3-1.7B,Qwen3-14B,sliced_zucchini_and_chickpea_stew,0,2,1,3,1.000000,0.000000
2025-08-26_19-12-24,Qwen3-1.7B,Qwen3-14B,sliced_zucchini_and_chickpea_stew,0,3,86,8,1.000000,0.000000
2025-08-26_19-22-40,Qwen3-1.7B,Qwen3-14B,sliced_zucchini_and_chickpea_stew,0,3,1,8,1.000000,0.000000
2025-08-26_20-27-59,Qwen3-1.7B,Qwen3-14B,sliced_zucchini_and_chickpea_stew,0,0,0,0,0.000000,0.000000
2025-08-26_20-29-27,Qwen3-1.7B,Qwen3-14B,sliced_zucchini_and_chickpea_stew,0,3,41,26,1.000000,0.000000
2025-08-26_21-19-24,Qwen3-1.7B,Qwen3-14B,sliced_zucchini_and_chickpea_stew,2,2,11,17,0.000000,0.666667
2025-08-26_22-28-16,Qwen3-1.7B,Qwen3-14B,sliced_zucchini_and_chickpea_stew,1,2,1,4,0.333333,1.000000
2025-08-26_21-18-50,Qwen3-1.7B,Qwen3-14B,sliced_bell_pepper_and_corn_stew,0,3,63,9,1.000000,0.000000
2025-08-26_22-09-08,Qwen3-1.7B,Qwen3-14B,sliced_bell_pepper_and_corn_stew,1,2,39,17,0.333333,1.000000
2025-08-26_23-16-43,Qwen3-1.7B,Qwen3-14B,sliced_bell_pepper_and_corn_stew,1,3,1,5,0.500000,0.666667
2025-08-26_23-20-04,Qwen3-1.7B,Qwen3-14B,sliced_bell_pepper_and_corn_stew,0,0,0,0,0.000000,0.000000
2025-08-26_23-21-49,Qwen3-1.7B,Qwen3-14B,sliced_bell_pepper_and_corn_stew,2,4,7,18,0.333333,0.600000
2025-08-26_23-54-08,Qwen3-1.7B,Qwen3-14B,sliced_bell_pepper_and_corn_stew,1,3,3,13,0.500000,0.333333
2025-08-27_01-04-14,Qwen3-1.7B,Qwen3-14B,sliced_bell_pepper_and_corn_stew,1,1,3,3,0.000000,1.000000
2025-08-27_01-12-52,Qwen3-1.7B,Qwen3-14B,sliced_bell_pepper_and_corn_stew,3,2,34,13,0.200000,0.500000
2025-08-27_01-57-49,Qwen3-1.7B,Qwen3-14B,sliced_bell_pepper_and_corn_stew,2,3,12,10,0.200000,1.000000
2025-08-27_02-50-57,Qwen3-1.7B,Qwen3-14B,sliced_bell_pepper_and_corn_stew,1,5,5,5,0.666667,0.400000
2025-08-26_15-45-54,Qwen3-1.7B,Qwen3-14B,sliced_bell_pepper_and_lentil_stew,4,7,6,28,0.272727,0.400000
2025-08-26_17-10-22,Qwen3-1.7B,Qwen3-14B,sliced_bell_pepper_and_lentil_stew,1,0,1,0,1.000000,0.000000
2025-08-26_18-48-02,Qwen3-1.7B,Qwen3-14B,sliced_bell_pepper_and_lentil_stew,0,2,3,13,1.000000,0.000000
2025-08-26_20-04-54,Qwen3-1.7B,Qwen3-14B,sliced_bell_pepper_and_lentil_stew,0,3,27,13,1.000000,0.000000
2025-08-26_21-06-39,Qwen3-1.7B,Qwen3-14B,sliced_bell_pepper_and_lentil_stew,0,0,0,0,0.000000,0.000000
2025-08-26_21-09-19,Qwen3-1.7B,Qwen3-14B,sliced_bell_pepper_and_lentil_stew,1,1,3,3,0.000000,1.000000
2025-08-26_21-13-29,Qwen3-1.7B,Qwen3-14B,sliced_bell_pepper_and_lentil_stew,1,1,3,2,0.000000,1.000000
2025-08-26_22-12-46,Qwen3-1.7B,Qwen3-14B,sliced_bell_pepper_and_lentil_stew,2,2,8,4,0.000000,1.000000
2025-08-26_23-30-15,Qwen3-1.7B,Qwen3-14B,sliced_bell_pepper_and_lentil_stew,0,3,5,30,1.000000,0.000000
2025-08-27_00-35-48,Qwen3-1.7B,Qwen3-14B,sliced_bell_pepper_and_lentil_stew,1,5,3,10,0.666667,0.200000
2025-08-26_22-37-11,Qwen3-1.7B,Qwen3-1.7B,sliced_eggplant_and_chickpea_stew,0,2,1,2,1.000000,0.000000
2025-08-26_22-51-59,Qwen3-1.7B,Qwen3-1.7B,sliced_eggplant_and_chickpea_stew,0,1,25,5,1.000000,0.000000
2025-08-26_23-25-05,Qwen3-1.7B,Qwen3-1.7B,sliced_eggplant_and_chickpea_stew,1,2,4,4,0.333333,0.500000
2025-08-26_23-55-20,Qwen3-1.7B,Qwen3-1.7B,sliced_eggplant_and_chickpea_stew,3,4,14,7,0.142857,0.166667
2025-08-27_00-23-22,Qwen3-1.7B,Qwen3-1.7B,sliced_eggplant_and_chickpea_stew,0,2,1,2,1.000000,0.000000
2025-08-27_00-44-53,Qwen3-1.7B,Qwen3-1.7B,sliced_eggplant_and_chickpea_stew,0,1,1,4,1.000000,0.000000
2025-08-27_00-52-04,Qwen3-1.7B,Qwen3-1.7B,sliced_eggplant_and_chickpea_stew,0,2,1,2,1.000000,0.000000
2025-08-27_00-59-01,Qwen3-1.7B,Qwen3-1.7B,sliced_eggplant_and_chickpea_stew,0,1,1,3,1.000000,0.000000
2025-08-27_01-15-11,Qwen3-1.7B,Qwen3-1.7B,sliced_eggplant_and_chickpea_stew,0,1,0,1,1.000000,0.000000
2025-08-27_01-50-39,Qwen3-1.7B,Qwen3-1.7B,sliced_eggplant_and_chickpea_stew,0,1,1,4,1.000000,0.000000
2025-08-26_15-45-54,Qwen3-1.7B,Qwen3-1.7B,sliced_pumpkin_and_chickpea_stew,0,3,2,6,1.000000,0.000000
2025-08-26_16-27-10,Qwen3-1.7B,Qwen3-1.7B,sliced_pumpkin_and_chickpea_stew,1,1,7,78,0.000000,1.000000
2025-08-26_17-00-01,Qwen3-1.7B,Qwen3-1.7B,sliced_pumpkin_and_chickpea_stew,0,2,2,2,1.000000,0.000000
2025-08-26_17-04-21,Qwen3-1.7B,Qwen3-1.7B,sliced_pumpkin_and_chickpea_stew,0,1,71,5,1.000000,0.000000
2025-08-26_17-15-25,Qwen3-1.7B,Qwen3-1.7B,sliced_pumpkin_and_chickpea_stew,1,1,2,3,0.000000,1.000000
2025-08-26_17-25-22,Qwen3-1.7B,Qwen3-1.7B,sliced_pumpkin_and_chickpea_stew,0,2,67,5,1.000000,0.000000
2025-08-26_17-39-05,Qwen3-1.7B,Qwen3-1.7B,sliced_pumpkin_and_chickpea_stew,0,1,0,3,1.000000,0.000000
2025-08-26_18-06-39,Qwen3-1.7B,Qwen3-1.7B,sliced_pumpkin_and_chickpea_stew,0,1,1,1,1.000000,0.000000
2025-08-26_18-08-04,Qwen3-1.7B,Qwen3-1.7B,sliced_pumpkin_and_chickpea_stew,0,0,0,0,0.000000,0.000000
2025-08-26_18-09-45,Qwen3-1.7B,Qwen3-1.7B,sliced_pumpkin_and_chickpea_stew,0,1,1,3,1.000000,0.000000
2025-08-26_18-15-14,Qwen3-1.7B,Qwen3-1.7B,sliced_zucchini_and_chickpea_stew,1,3,4,12,0.500000,0.333333
2025-08-26_18-41-52,Qwen3-1.7B,Qwen3-1.7B,sliced_zucchini_and_chickpea_stew,0,1,57,5,1.000000,0.000000
2025-08-26_18-59-00,Qwen3-1.7B,Qwen3-1.7B,sliced_zucchini_and_chickpea_stew,0,0,0,0,0.000000,0.000000
2025-08-26_19-00-19,Qwen3-1.7B,Qwen3-1.7B,sliced_zucchini_and_chickpea_stew,0,1,1,3,1.000000,0.000000
2025-08-26_19-31-58,Qwen3-1.7B,Qwen3-1.7B,sliced_zucchini_and_chickpea_stew,2,0,3,0,1.000000,0.000000
2025-08-26_20-04-11,Qwen3-1.7B,Qwen3-1.7B,sliced_zucchini_and_chickpea_stew,0,0,0,0,0.000000,0.000000
2025-08-26_20-05-08,Qwen3-1.7B,Qwen3-1.7B,sliced_zucchini_and_chickpea_stew,0,1,4,5,1.000000,0.000000
2025-08-26_20-19-08,Qwen3-1.7B,Qwen3-1.7B,sliced_zucchini_and_chickpea_stew,0,0,0,0,0.000000,0.000000
2025-08-26_20-20-08,Qwen3-1.7B,Qwen3-1.7B,sliced_zucchini_and_chickpea_stew,0,3,8,11,1.000000,0.000000
2025-08-26_20-46-12,Qwen3-1.7B,Qwen3-1.7B,sliced_zucchini_and_chickpea_stew,0,1,1,2,1.000000,0.000000
2025-08-26_15-45-54,Qwen3-1.7B,Qwen3-1.7B,sliced_bell_pepper_and_corn_stew,0,0,0,0,0.000000,0.000000
2025-08-26_15-46-43,Qwen3-1.7B,Qwen3-1.7B,sliced_bell_pepper_and_corn_stew,0,3,1,3,1.000000,0.000000
2025-08-26_16-15-54,Qwen3-1.7B,Qwen3-1.7B,sliced_bell_pepper_and_corn_stew,2,1,8,57,0.333333,0.500000
2025-08-26_16-30-25,Qwen3-1.7B,Qwen3-1.7B,sliced_bell_pepper_and_corn_stew,1,1,5,46,0.000000,1.000000
2025-08-26_16-49-46,Qwen3-1.7B,Qwen3-1.7B,sliced_bell_pepper_and_corn_stew,1,3,5,9,0.500000,0.666667
2025-08-26_17-13-51,Qwen3-1.7B,Qwen3-1.7B,sliced_bell_pepper_and_corn_stew,0,1,0,1,1.000000,0.000000
2025-08-26_17-53-17,Qwen3-1.7B,Qwen3-1.7B,sliced_bell_pepper_and_corn_stew,1,2,9,11,0.333333,0.500000
2025-08-26_18-10-10,Qwen3-1.7B,Qwen3-1.7B,sliced_bell_pepper_and_corn_stew,1,3,4,6,0.500000,0.666667
2025-08-26_18-48-13,Qwen3-1.7B,Qwen3-1.7B,sliced_bell_pepper_and_corn_stew,0,0,0,0,0.000000,0.000000
2025-08-26_18-49-31,Qwen3-1.7B,Qwen3-1.7B,sliced_bell_pepper_and_corn_stew,1,1,2,3,0.000000,1.000000
2025-08-26_19-06-50,Qwen3-1.7B,Qwen3-1.7B,sliced_bell_pepper_and_lentil_stew,0,1,0,3,1.000000,0.000000
2025-08-26_19-38-52,Qwen3-1.7B,Qwen3-1.7B,sliced_bell_pepper_and_lentil_stew,1,0,1,0,1.000000,0.000000
2025-08-26_19-40-52,Qwen3-1.7B,Qwen3-1.7B,sliced_bell_pepper_and_lentil_stew,0,1,0,1,1.000000,0.000000
2025-08-26_20-18-58,Qwen3-1.7B,Qwen3-1.7B,sliced_bell_pepper_and_lentil_stew,0,1,0,1,1.000000,0.000000
2025-08-26_20-57-52,Qwen3-1.7B,Qwen3-1.7B,sliced_bell_pepper_and_lentil_stew,0,1,2,3,1.000000,0.000000
2025-08-26_21-33-56,Qwen3-1.7B,Qwen3-1.7B,sliced_bell_pepper_and_lentil_stew,0,1,3,6,1.000000,0.000000
2025-08-26_21-34-37,Qwen3-1.7B,Qwen3-1.7B,sliced_bell_pepper_and_lentil_stew,0,1,1,1,1.000000,0.000000
2025-08-26_21-36-13,Qwen3-1.7B,Qwen3-1.7B,sliced_bell_pepper_and_lentil_stew,0,1,2,3,1.000000,0.000000
2025-08-26_22-08-51,Qwen3-1.7B,Qwen3-1.7B,sliced_bell_pepper_and_lentil_stew,2,2,10,6,0.000000,0.333333
2025-08-26_22-36-09,Qwen3-1.7B,Qwen3-1.7B,sliced_bell_pepper_and_lentil_stew,0,0,0,0,0.000000,0.000000
2025-08-26_15-45-54,Qwen3-1.7B,Qwen3-32B,sliced_eggplant_and_chickpea_stew,1,2,3,8,0.333333,0.500000
2025-08-26_16-30-10,Qwen3-1.7B,Qwen3-32B,sliced_eggplant_and_chickpea_stew,0,3,3,11,1.000000,0.000000
2025-08-26_17-40-58,Qwen3-1.7B,Qwen3-32B,sliced_eggplant_and_chickpea_stew,0,7,4,22,1.000000,0.000000
2025-08-26_18-16-24,Qwen3-1.7B,Qwen3-32B,sliced_eggplant_and_chickpea_stew,0,3,3,13,1.000000,0.000000
2025-08-26_19-31-50,Qwen3-1.7B,Qwen3-32B,sliced_eggplant_and_chickpea_stew,0,2,3,11,1.000000,0.000000
2025-08-26_20-32-47,Qwen3-1.7B,Qwen3-32B,sliced_eggplant_and_chickpea_stew,0,5,92,10,1.000000,0.000000
2025-08-26_21-02-05,Qwen3-1.7B,Qwen3-32B,sliced_eggplant_and_chickpea_stew,2,2,2,4,0.000000,0.666667
2025-08-26_21-20-25,Qwen3-1.7B,Qwen3-32B,sliced_eggplant_and_chickpea_stew,3,8,8,23,0.454545,0.300000
2025-08-26_21-52-18,Qwen3-1.7B,Qwen3-32B,sliced_eggplant_and_chickpea_stew,1,2,3,6,0.333333,0.500000
2025-08-26_21-57-30,Qwen3-1.7B,Qwen3-32B,sliced_pumpkin_and_chickpea_stew,0,0,0,0,0.000000,0.000000
2025-08-26_21-58-44,Qwen3-1.7B,Qwen3-32B,sliced_pumpkin_and_chickpea_stew,2,3,9,16,0.200000,1.000000
2025-08-26_22-52-32,Qwen3-1.7B,Qwen3-32B,sliced_pumpkin_and_chickpea_stew,1,2,2,13,0.333333,0.500000
2025-08-26_23-27-10,Qwen3-1.7B,Qwen3-32B,sliced_pumpkin_and_chickpea_stew,0,0,0,0,0.000000,0.000000
2025-08-26_23-28-35,Qwen3-1.7B,Qwen3-32B,sliced_pumpkin_and_chickpea_stew,1,2,4,6,0.333333,1.000000
2025-08-27_00-25-30,Qwen3-1.7B,Qwen3-32B,sliced_pumpkin_and_chickpea_stew,1,2,6,10,0.333333,0.500000
2025-08-27_00-46-13,Qwen3-1.7B,Qwen3-32B,sliced_pumpkin_and_chickpea_stew,0,0,0,0,0.000000,0.000000
2025-08-27_00-48-03,Qwen3-1.7B,Qwen3-32B,sliced_pumpkin_and_chickpea_stew,0,0,0,0,0.000000,0.000000
2025-08-27_00-49-11,Qwen3-1.7B,Qwen3-32B,sliced_pumpkin_and_chickpea_stew,0,5,3,15,1.000000,0.000000
2025-08-27_01-50-50,Qwen3-1.7B,Qwen3-32B,sliced_pumpkin_and_chickpea_stew,2,5,4,14,0.428571,0.666667
2025-08-27_02-31-37,Qwen3-1.7B,Qwen3-32B,sliced_zucchini_and_chickpea_stew,3,2,6,8,0.200000,0.750000
2025-08-27_02-39-10,Qwen3-1.7B,Qwen3-32B,sliced_zucchini_and_chickpea_stew,0,5,7,14,1.000000,0.000000
2025-08-27_03-00-50,Qwen3-1.7B,Qwen3-32B,sliced_zucchini_and_chickpea_stew,2,3,3,14,0.200000,0.500000
2025-08-27_04-11-07,Qwen3-1.7B,Qwen3-32B,sliced_zucchini_and_chickpea_stew,1,1,1,1,0.000000,1.000000
2025-08-27_04-13-28,Qwen3-1.7B,Qwen3-32B,sliced_zucchini_and_chickpea_stew,1,3,3,7,0.500000,0.666667
2025-08-27_04-19-46,Qwen3-1.7B,Qwen3-32B,sliced_zucchini_and_chickpea_stew,0,0,0,0,0.000000,0.000000
2025-08-27_04-20-58,Qwen3-1.7B,Qwen3-32B,sliced_zucchini_and_chickpea_stew,2,6,94,18,0.500000,0.142857
2025-08-27_05-01-06,Qwen3-1.7B,Qwen3-32B,sliced_zucchini_and_chickpea_stew,1,0,1,0,1.000000,0.000000
2025-08-27_06-07-55,Qwen3-1.7B,Qwen3-32B,sliced_zucchini_and_chickpea_stew,0,0,0,0,0.000000,0.000000
2025-08-27_06-09-08,Qwen3-1.7B,Qwen3-32B,sliced_zucchini_and_chickpea_stew,1,5,5,11,0.666667,0.400000
2025-08-26_23-54-29,Qwen3-1.7B,Qwen3-32B,sliced_bell_pepper_and_corn_stew,4,7,6,21,0.272727,0.500000
2025-08-27_00-24-28,Qwen3-1.7B,Qwen3-32B,sliced_bell_pepper_and_corn_stew,0,2,1,3,1.000000,0.000000
2025-08-27_00-26-18,Qwen3-1.7B,Qwen3-32B,sliced_bell_pepper_and_corn_stew,0,3,3,3,1.000000,0.000000
2025-08-27_01-31-20,Qwen3-1.7B,Qwen3-32B,sliced_bell_pepper_and_corn_stew,2,2,3,10,0.000000,0.666667
2025-08-27_02-28-58,Qwen3-1.7B,Qwen3-32B,sliced_bell_pepper_and_corn_stew,0,3,1,3,1.000000,0.000000
2025-08-27_02-32-08,Qwen3-1.7B,Qwen3-32B,sliced_bell_pepper_and_corn_stew,0,0,0,0,0.000000,0.000000
2025-08-27_02-33-08,Qwen3-1.7B,Qwen3-32B,sliced_bell_pepper_and_corn_stew,0,2,1,8,1.000000,0.000000
2025-08-27_03-37-33,Qwen3-1.7B,Qwen3-32B,sliced_bell_pepper_and_corn_stew,1,2,6,4,0.333333,1.000000
2025-08-27_04-47-49,Qwen3-1.7B,Qwen3-32B,sliced_bell_pepper_and_corn_stew,0,4,3,9,1.000000,0.000000
2025-08-27_05-45-17,Qwen3-1.7B,Qwen3-32B,sliced_bell_pepper_and_corn_stew,0,2,2,8,1.000000,0.000000
2025-08-27_05-53-38,Qwen3-1.7B,Qwen3-32B,sliced_bell_pepper_and_lentil_stew,1,7,11,17,0.750000,0.285714
2025-08-27_06-44-09,Qwen3-1.7B,Qwen3-32B,sliced_bell_pepper_and_lentil_stew,1,1,1,3,0.000000,1.000000
2025-08-27_06-47-36,Qwen3-1.7B,Qwen3-32B,sliced_bell_pepper_and_lentil_stew,0,0,0,0,0.000000,0.000000
2025-08-27_06-50-08,Qwen3-1.7B,Qwen3-32B,sliced_bell_pepper_and_lentil_stew,1,1,5,8,0.000000,1.000000
2025-08-27_07-03-38,Qwen3-1.7B,Qwen3-32B,sliced_bell_pepper_and_lentil_stew,1,1,5,71,0.000000,1.000000
2025-08-27_07-27-40,Qwen3-1.7B,Qwen3-32B,sliced_bell_pepper_and_lentil_stew,1,6,3,9,0.714286,0.333333
2025-08-27_07-50-28,Qwen3-1.7B,Qwen3-32B,sliced_bell_pepper_and_lentil_stew,0,0,0,0,0.000000,0.000000
2025-08-27_07-52-04,Qwen3-1.7B,Qwen3-32B,sliced_bell_pepper_and_lentil_stew,0,5,9,15,1.000000,0.000000
2025-08-27_08-49-37,Qwen3-1.7B,Qwen3-32B,sliced_bell_pepper_and_lentil_stew,1,2,2,6,0.333333,0.500000
2025-08-26_19-53-39,Qwen3-1.7B,Qwen3-8B,sliced_eggplant_and_chickpea_stew,0,2,2,16,1.000000,0.000000
2025-08-26_19-58-20,Qwen3-1.7B,Qwen3-8B,sliced_eggplant_and_chickpea_stew,1,4,4,40,0.600000,0.500000
2025-08-26_20-56-19,Qwen3-1.7B,Qwen3-8B,sliced_eggplant_and_chickpea_stew,3,2,11,11,0.200000,0.750000
2025-08-26_21-40-52,Qwen3-1.7B,Qwen3-8B,sliced_eggplant_and_chickpea_stew,3,8,6,37,0.454545,0.300000
2025-08-26_22-17-24,Qwen3-1.7B,Qwen3-8B,sliced_eggplant_and_chickpea_stew,0,2,1,6,1.000000,0.000000
2025-08-26_23-14-42,Qwen3-1.7B,Qwen3-8B,sliced_eggplant_and_chickpea_stew,1,1,2,67,0.000000,1.000000
2025-08-26_23-48-18,Qwen3-1.7B,Qwen3-8B,sliced_eggplant_and_chickpea_stew,0,2,5,17,1.000000,0.000000
2025-08-27_00-00-33,Qwen3-1.7B,Qwen3-8B,sliced_eggplant_and_chickpea_stew,1,1,12,23,0.000000,1.000000
2025-08-27_00-31-43,Qwen3-1.7B,Qwen3-8B,sliced_eggplant_and_chickpea_stew,0,2,1,3,1.000000,0.000000
2025-08-27_00-33-46,Qwen3-1.7B,Qwen3-8B,sliced_eggplant_and_chickpea_stew,2,3,6,14,0.200000,0.500000
2025-08-27_01-19-36,Qwen3-1.7B,Qwen3-8B,sliced_pumpkin_and_chickpea_stew,0,3,80,7,1.000000,0.000000
2025-08-27_01-36-52,Qwen3-1.7B,Qwen3-8B,sliced_pumpkin_and_chickpea_stew,1,2,1,3,0.333333,1.000000
2025-08-27_02-27-54,Qwen3-1.7B,Qwen3-8B,sliced_pumpkin_and_chickpea_stew,0,2,1,5,1.000000,0.000000
2025-08-27_02-46-41,Qwen3-1.7B,Qwen3-8B,sliced_pumpkin_and_chickpea_stew,1,2,4,57,0.333333,0.500000
2025-08-27_03-32-42,Qwen3-1.7B,Qwen3-8B,sliced_pumpkin_and_chickpea_stew,0,3,14,17,1.000000,0.000000
2025-08-27_04-02-10,Qwen3-1.7B,Qwen3-8B,sliced_pumpkin_and_chickpea_stew,0,2,2,18,1.000000,0.000000
2025-08-27_04-19-11,Qwen3-1.7B,Qwen3-8B,sliced_pumpkin_and_chickpea_stew,2,2,9,6,0.000000,0.333333
2025-08-27_04-38-43,Qwen3-1.7B,Qwen3-8B,sliced_pumpkin_and_chickpea_stew,0,3,3,10,1.000000,0.000000
2025-08-27_04-55-58,Qwen3-1.7B,Qwen3-8B,sliced_pumpkin_and_chickpea_stew,0,3,3,24,1.000000,0.000000
2025-08-27_05-38-15,Qwen3-1.7B,Qwen3-8B,sliced_pumpkin_and_chickpea_stew,2,6,12,19,0.500000,0.142857
2025-08-26_15-45-58,Qwen3-1.7B,Qwen3-8B,sliced_zucchini_and_chickpea_stew,3,1,5,5,0.500000,0.333333
2025-08-26_15-49-45,Qwen3-1.7B,Qwen3-8B,sliced_zucchini_and_chickpea_stew,2,3,9,38,0.200000,0.500000
2025-08-26_16-38-38,Qwen3-1.7B,Qwen3-8B,sliced_zucchini_and_chickpea_stew,0,2,1,6,1.000000,0.000000
2025-08-26_17-26-53,Qwen3-1.7B,Qwen3-8B,sliced_zucchini_and_chickpea_stew,1,4,30,29,0.600000,0.500000
2025-08-26_17-59-52,Qwen3-1.7B,Qwen3-8B,sliced_zucchini_and_chickpea_stew,0,3,3,10,1.000000,0.000000
2025-08-26_18-27-53,Qwen3-1.7B,Qwen3-8B,sliced_zucchini_and_chickpea_stew,1,6,4,28,0.714286,0.333333
2025-08-26_19-15-04,Qwen3-1.7B,Qwen3-8B,sliced_zucchini_and_chickpea_stew,1,3,11,23,0.500000,0.666667
2025-08-26_19-53-40,Qwen3-1.7B,Qwen3-8B,sliced_zucchini_and_chickpea_stew,1,1,1,1,0.000000,1.000000
2025-08-26_19-54-48,Qwen3-1.7B,Qwen3-8B,sliced_zucchini_and_chickpea_stew,0,2,2,14,1.000000,0.000000
2025-08-26_20-36-38,Qwen3-1.7B,Qwen3-8B,sliced_zucchini_and_chickpea_stew,1,3,12,47,0.500000,0.666667
2025-08-26_15-51-27,Qwen3-1.7B,Qwen3-8B,sliced_bell_pepper_and_corn_stew,1,1,1,3,0.000000,1.000000
2025-08-26_15-52-57,Qwen3-1.7B,Qwen3-8B,sliced_bell_pepper_and_corn_stew,0,2,3,8,1.000000,0.000000
2025-08-26_16-17-21,Qwen3-1.7B,Qwen3-8B,sliced_bell_pepper_and_corn_stew,1,2,4,14,0.333333,0.500000
2025-08-26_16-41-01,Qwen3-1.7B,Qwen3-8B,sliced_bell_pepper_and_corn_stew,1,3,3,18,0.500000,0.666667
2025-08-26_17-35-12,Qwen3-1.7B,Qwen3-8B,sliced_bell_pepper_and_corn_stew,1,3,5,10,0.500000,0.333333
2025-08-26_18-22-18,Qwen3-1.7B,Qwen3-8B,sliced_bell_pepper_and_corn_stew,1,4,3,26,0.600000,0.500000
2025-08-26_19-20-17,Qwen3-1.7B,Qwen3-8B,sliced_bell_pepper_and_corn_stew,2,7,10,26,0.555556,0.500000
2025-08-26_20-01-35,Qwen3-1.7B,Qwen3-8B,sliced_bell_pepper_and_corn_stew,0,2,1,3,1.000000,0.000000
2025-08-26_20-03-36,Qwen3-1.7B,Qwen3-8B,sliced_bell_pepper_and_corn_stew,0,2,1,3,1.000000,0.000000
2025-08-26_20-05-05,Qwen3-1.7B,Qwen3-8B,sliced_bell_pepper_and_corn_stew,1,1,5,9,0.000000,1.000000
2025-08-26_15-45-57,Qwen3-1.7B,Qwen3-8B,sliced_bell_pepper_and_lentil_stew,0,1,2,11,1.000000,0.000000
2025-08-26_15-52-06,Qwen3-1.7B,Qwen3-8B,sliced_bell_pepper_and_lentil_stew,1,7,5,18,0.750000,0.285714
2025-08-26_16-38-05,Qwen3-1.7B,Qwen3-8B,sliced_bell_pepper_and_lentil_stew,0,1,1,15,1.000000,0.000000
2025-08-26_16-40-59,Qwen3-1.7B,Qwen3-8B,sliced_bell_pepper_and_lentil_stew,0,0,0,0,0.000000,0.000000
2025-08-26_16-42-17,Qwen3-1.7B,Qwen3-8B,sliced_bell_pepper_and_lentil_stew,1,3,8,49,0.500000,0.333333
2025-08-26_17-13-18,Qwen3-1.7B,Qwen3-8B,sliced_bell_pepper_and_lentil_stew,2,5,11,27,0.428571,0.166667
2025-08-26_17-52-13,Qwen3-1.7B,Qwen3-8B,sliced_bell_pepper_and_lentil_stew,0,4,3,30,1.000000,0.000000
2025-08-26_18-03-08,Qwen3-1.7B,Qwen3-8B,sliced_bell_pepper_and_lentil_stew,0,2,9,55,1.000000,0.000000
2025-08-26_19-03-25,Qwen3-1.7B,Qwen3-8B,sliced_bell_pepper_and_lentil_stew,1,9,7,22,0.800000,0.111111
2025-08-26_15-45-56,Qwen3-32B,Qwen3-14B,sliced_eggplant_and_chickpea_stew,1,4,14,16,0.600000,0.500000
2025-08-26_16-18-23,Qwen3-32B,Qwen3-14B,sliced_eggplant_and_chickpea_stew,5,2,12,10,0.428571,0.500000
2025-08-26_16-36-35,Qwen3-32B,Qwen3-14B,sliced_eggplant_and_chickpea_stew,0,2,1,3,1.000000,0.000000
2025-08-26_16-39-12,Qwen3-32B,Qwen3-14B,sliced_eggplant_and_chickpea_stew,5,2,12,7,0.428571,0.333333
2025-08-26_17-01-25,Qwen3-32B,Qwen3-14B,sliced_eggplant_and_chickpea_stew,7,4,15,7,0.272727,0.500000
2025-08-26_17-42-13,Qwen3-32B,Qwen3-14B,sliced_eggplant_and_chickpea_stew,5,2,26,4,0.428571,0.500000
2025-08-26_18-11-36,Qwen3-32B,Qwen3-14B,sliced_eggplant_and_chickpea_stew,3,1,11,7,0.500000,0.333333
2025-08-26_18-38-39,Qwen3-32B,Qwen3-14B,sliced_eggplant_and_chickpea_stew,5,2,10,8,0.428571,0.500000
2025-08-26_18-57-00,Qwen3-32B,Qwen3-14B,sliced_eggplant_and_chickpea_stew,3,4,20,15,0.142857,0.666667
2025-08-26_19-20-22,Qwen3-32B,Qwen3-14B,sliced_eggplant_and_chickpea_stew,4,3,16,9,0.142857,0.333333
2025-08-26_19-43-15,Qwen3-32B,Qwen3-14B,sliced_pumpkin_and_chickpea_stew,2,3,8,10,0.200000,0.500000
2025-08-26_20-06-29,Qwen3-32B,Qwen3-14B,sliced_pumpkin_and_chickpea_stew,2,5,5,9,0.428571,0.500000
2025-08-26_20-31-25,Qwen3-32B,Qwen3-14B,sliced_pumpkin_and_chickpea_stew,4,2,11,10,0.333333,0.600000
2025-08-26_20-55-53,Qwen3-32B,Qwen3-14B,sliced_pumpkin_and_chickpea_stew,3,2,5,7,0.200000,0.500000
2025-08-26_21-13-07,Qwen3-32B,Qwen3-14B,sliced_pumpkin_and_chickpea_stew,7,2,19,16,0.555556,0.375000
2025-08-26_21-47-42,Qwen3-32B,Qwen3-14B,sliced_pumpkin_and_chickpea_stew,4,2,9,12,0.333333,0.600000
2025-08-26_22-23-38,Qwen3-32B,Qwen3-14B,sliced_pumpkin_and_chickpea_stew,6,1,16,12,0.714286,0.166667
2025-08-26_22-55-34,Qwen3-32B,Qwen3-14B,sliced_pumpkin_and_chickpea_stew,1,4,7,10,0.600000,0.500000
2025-08-26_23-13-27,Qwen3-32B,Qwen3-14B,sliced_pumpkin_and_chickpea_stew,4,3,15,11,0.142857,0.500000
2025-08-26_23-40-16,Qwen3-32B,Qwen3-14B,sliced_pumpkin_and_chickpea_stew,1,4,82,14,0.600000,0.500000
2025-08-27_00-19-15,Qwen3-32B,Qwen3-14B,sliced_zucchini_and_chickpea_stew,1,2,6,13,0.333333,1.000000
2025-08-27_00-41-48,Qwen3-32B,Qwen3-14B,sliced_zucchini_and_chickpea_stew,5,2,12,3,0.428571,0.500000
2025-08-27_01-25-02,Qwen3-32B,Qwen3-14B,sliced_zucchini_and_chickpea_stew,2,5,4,16,0.428571,0.666667
2025-08-27_02-37-56,Qwen3-32B,Qwen3-14B,sliced_zucchini_and_chickpea_stew,5,2,8,4,0.428571,0.500000
2025-08-27_02-52-40,Qwen3-32B,Qwen3-14B,sliced_zucchini_and_chickpea_stew,5,2,13,6,0.428571,0.500000
2025-08-27_03-08-03,Qwen3-32B,Qwen3-14B,sliced_zucchini_and_chickpea_stew,2,5,13,20,0.428571,0.333333
2025-08-27_03-47-58,Qwen3-32B,Qwen3-14B,sliced_zucchini_and_chickpea_stew,5,3,25,16,0.250000,0.571429
2025-08-27_04-34-56,Qwen3-32B,Qwen3-14B,sliced_zucchini_and_chickpea_stew,2,5,18,30,0.428571,0.333333
2025-08-27_05-27-02,Qwen3-32B,Qwen3-14B,sliced_zucchini_and_chickpea_stew,6,1,12,7,0.714286,0.166667
2025-08-27_05-57-54,Qwen3-32B,Qwen3-14B,sliced_zucchini_and_chickpea_stew,3,6,9,33,0.333333,0.750000
2025-08-26_19-38-28,Qwen3-32B,Qwen3-14B,sliced_bell_pepper_and_corn_stew,0,3,1,5,1.000000,0.000000
2025-08-26_19-46-39,Qwen3-32B,Qwen3-14B,sliced_bell_pepper_and_corn_stew,1,2,3,4,0.333333,1.000000
2025-08-26_19-57-09,Qwen3-32B,Qwen3-14B,sliced_bell_pepper_and_corn_stew,7,4,12,15,0.272727,0.500000
2025-08-26_20-22-39,Qwen3-32B,Qwen3-14B,sliced_bell_pepper_and_corn_stew,2,5,5,26,0.428571,0.333333
2025-08-26_21-03-28,Qwen3-32B,Qwen3-14B,sliced_bell_pepper_and_corn_stew,4,3,14,16,0.142857,0.333333
2025-08-26_21-26-10,Qwen3-32B,Qwen3-14B,sliced_bell_pepper_and_corn_stew,4,5,20,15,0.111111,0.375000
2025-08-26_22-25-49,Qwen3-32B,Qwen3-14B,sliced_bell_pepper_and_corn_stew,6,5,17,12,0.090909,0.700000
2025-08-26_22-48-35,Qwen3-32B,Qwen3-14B,sliced_bell_pepper_and_corn_stew,0,2,2,11,1.000000,0.000000
2025-08-26_22-58-19,Qwen3-32B,Qwen3-14B,sliced_bell_pepper_and_corn_stew,1,1,6,7,0.000000,1.000000
2025-08-26_23-13-18,Qwen3-32B,Qwen3-14B,sliced_bell_pepper_and_corn_stew,1,4,2,5,0.600000,0.500000
2025-08-26_23-22-18,Qwen3-32B,Qwen3-14B,sliced_bell_pepper_and_lentil_stew,5,6,7,15,0.090909,0.500000
2025-08-27_00-02-33,Qwen3-32B,Qwen3-14B,sliced_bell_pepper_and_lentil_stew,5,1,8,7,0.666667,0.200000
2025-08-27_00-46-48,Qwen3-32B,Qwen3-14B,sliced_bell_pepper_and_lentil_stew,1,0,9,0,1.000000,0.000000
2025-08-27_00-54-18,Qwen3-32B,Qwen3-14B,sliced_bell_pepper_and_lentil_stew,4,5,22,30,0.111111,0.500000
2025-08-27_02-00-24,Qwen3-32B,Qwen3-14B,sliced_bell_pepper_and_lentil_stew,1,2,3,4,0.333333,1.000000
2025-08-27_02-06-38,Qwen3-32B,Qwen3-14B,sliced_bell_pepper_and_lentil_stew,1,0,1,0,1.000000,0.000000
2025-08-27_02-16-56,Qwen3-32B,Qwen3-14B,sliced_bell_pepper_and_lentil_stew,5,2,10,6,0.428571,0.500000
2025-08-27_02-51-52,Qwen3-32B,Qwen3-14B,sliced_bell_pepper_and_lentil_stew,1,0,1,0,1.000000,0.000000
2025-08-27_03-03-22,Qwen3-32B,Qwen3-14B,sliced_bell_pepper_and_lentil_stew,3,6,24,18,0.333333,0.375000
2025-08-27_04-31-53,Qwen3-32B,Qwen3-14B,sliced_bell_pepper_and_lentil_stew,0,4,3,11,1.000000,0.000000
2025-08-26_20-20-01,Qwen3-32B,Qwen3-1.7B,sliced_eggplant_and_chickpea_stew,2,1,4,4,0.333333,0.500000
2025-08-26_21-35-06,Qwen3-32B,Qwen3-1.7B,sliced_eggplant_and_chickpea_stew,0,0,0,0,0.000000,0.000000
2025-08-26_21-36-16,Qwen3-32B,Qwen3-1.7B,sliced_eggplant_and_chickpea_stew,6,3,12,13,0.333333,0.250000
2025-08-26_22-07-21,Qwen3-32B,Qwen3-1.7B,sliced_eggplant_and_chickpea_stew,1,1,1,1,0.000000,1.000000
2025-08-26_22-29-40,Qwen3-32B,Qwen3-1.7B,sliced_eggplant_and_chickpea_stew,3,1,7,5,0.500000,0.333333
2025-08-26_23-01-59,Qwen3-32B,Qwen3-1.7B,sliced_eggplant_and_chickpea_stew,1,1,3,3,0.000000,1.000000
2025-08-26_23-17-05,Qwen3-32B,Qwen3-1.7B,sliced_eggplant_and_chickpea_stew,3,1,5,62,0.500000,0.333333
2025-08-26_23-44-00,Qwen3-32B,Qwen3-1.7B,sliced_eggplant_and_chickpea_stew,4,0,63,5,1.000000,0.000000
2025-08-27_00-10-47,Qwen3-32B,Qwen3-1.7B,sliced_eggplant_and_chickpea_stew,6,1,21,5,0.714286,0.166667
2025-08-27_00-56-41,Qwen3-32B,Qwen3-1.7B,sliced_eggplant_and_chickpea_stew,0,0,0,0,0.000000,0.000000
2025-08-27_00-58-35,Qwen3-32B,Qwen3-1.7B,sliced_pumpkin_and_chickpea_stew,1,1,1,1,0.000000,1.000000
2025-08-27_01-21-21,Qwen3-32B,Qwen3-1.7B,sliced_pumpkin_and_chickpea_stew,0,0,0,0,0.000000,0.000000
2025-08-27_01-22-44,Qwen3-32B,Qwen3-1.7B,sliced_pumpkin_and_chickpea_stew,0,2,3,4,1.000000,0.000000
2025-08-27_01-31-07,Qwen3-32B,Qwen3-1.7B,sliced_pumpkin_and_chickpea_stew,2,0,4,1,1.000000,0.000000
2025-08-27_02-37-36,Qwen3-32B,Qwen3-1.7B,sliced_pumpkin_and_chickpea_stew,0,0,0,0,0.000000,0.000000
2025-08-27_02-38-54,Qwen3-32B,Qwen3-1.7B,sliced_pumpkin_and_chickpea_stew,0,2,1,3,1.000000,0.000000
2025-08-27_03-01-52,Qwen3-32B,Qwen3-1.7B,sliced_pumpkin_and_chickpea_stew,1,1,6,4,0.000000,1.000000
2025-08-27_04-11-07,Qwen3-32B,Qwen3-1.7B,sliced_pumpkin_and_chickpea_stew,0,0,0,0,0.000000,0.000000
2025-08-27_04-13-56,Qwen3-32B,Qwen3-1.7B,sliced_pumpkin_and_chickpea_stew,1,1,3,3,0.000000,1.000000
2025-08-27_04-37-40,Qwen3-32B,Qwen3-1.7B,sliced_pumpkin_and_chickpea_stew,1,2,6,5,0.333333,0.500000
2025-08-26_15-45-55,Qwen3-32B,Qwen3-1.7B,sliced_zucchini_and_chickpea_stew,1,0,3,0,1.000000,0.000000
2025-08-26_15-47-50,Qwen3-32B,Qwen3-1.7B,sliced_zucchini_and_chickpea_stew,0,0,0,0,0.000000,0.000000
2025-08-26_15-50-24,Qwen3-32B,Qwen3-1.7B,sliced_zucchini_and_chickpea_stew,1,1,1,1,0.000000,1.000000
2025-08-26_15-57-18,Qwen3-32B,Qwen3-1.7B,sliced_zucchini_and_chickpea_stew,1,2,2,2,0.333333,1.000000
2025-08-26_16-38-00,Qwen3-32B,Qwen3-1.7B,sliced_zucchini_and_chickpea_stew,5,3,22,16,0.250000,0.571429
2025-08-26_17-33-07,Qwen3-32B,Qwen3-1.7B,sliced_zucchini_and_chickpea_stew,0,0,0,0,0.000000,0.000000
2025-08-26_17-35-20,Qwen3-32B,Qwen3-1.7B,sliced_zucchini_and_chickpea_stew,2,2,8,6,0.000000,1.000000
2025-08-26_18-15-01,Qwen3-32B,Qwen3-1.7B,sliced_zucchini_and_chickpea_stew,5,3,10,7,0.250000,0.857143
2025-08-26_19-21-17,Qwen3-32B,Qwen3-1.7B,sliced_zucchini_and_chickpea_stew,1,1,1,1,0.000000,1.000000
2025-08-26_19-36-16,Qwen3-32B,Qwen3-1.7B,sliced_zucchini_and_chickpea_stew,0,0,0,0,0.000000,0.000000
2025-08-26_22-20-41,Qwen3-32B,Qwen3-1.7B,sliced_bell_pepper_and_corn_stew,6,1,89,5,0.714286,0.166667
2025-08-26_23-23-43,Qwen3-32B,Qwen3-1.7B,sliced_bell_pepper_and_corn_stew,0,0,0,0,0.000000,0.000000
2025-08-26_23-25-01,Qwen3-32B,Qwen3-1.7B,sliced_bell_pepper_and_corn_stew,1,0,1,0,1.000000,0.000000
2025-08-26_23-28-05,Qwen3-32B,Qwen3-1.7B,sliced_bell_pepper_and_corn_stew,1,1,3,3,0.000000,1.000000
2025-08-26_23-58-27,Qwen3-32B,Qwen3-1.7B,sliced_bell_pepper_and_corn_stew,3,2,9,6,0.200000,0.750000
2025-08-27_00-32-52,Qwen3-32B,Qwen3-1.7B,sliced_bell_pepper_and_corn_stew,0,0,0,0,0.000000,0.000000
2025-08-27_00-34-35,Qwen3-32B,Qwen3-1.7B,sliced_bell_pepper_and_corn_stew,1,1,1,1,0.000000,1.000000
2025-08-27_00-53-36,Qwen3-32B,Qwen3-1.7B,sliced_bell_pepper_and_corn_stew,0,1,0,1,1.000000,0.000000
2025-08-27_02-09-20,Qwen3-32B,Qwen3-1.7B,sliced_bell_pepper_and_corn_stew,2,7,23,16,0.555556,0.500000
2025-08-27_02-49-33,Qwen3-32B,Qwen3-1.7B,sliced_bell_pepper_and_corn_stew,0,0,0,0,0.000000,0.000000
2025-08-26_15-45-57,Qwen3-32B,Qwen3-1.7B,sliced_bell_pepper_and_lentil_stew,0,2,4,2,1.000000,0.000000
2025-08-26_16-25-46,Qwen3-32B,Qwen3-1.7B,sliced_bell_pepper_and_lentil_stew,4,3,20,56,0.142857,0.333333
2025-08-26_17-53-27,Qwen3-32B,Qwen3-1.7B,sliced_bell_pepper_and_lentil_stew,0,0,0,0,0.000000,0.000000
2025-08-26_17-54-40,Qwen3-32B,Qwen3-1.7B,sliced_bell_pepper_and_lentil_stew,0,0,0,0,0.000000,0.000000
2025-08-26_17-55-31,Qwen3-32B,Qwen3-1.7B,sliced_bell_pepper_and_lentil_stew,5,3,14,40,0.250000,0.571429
2025-08-26_18-55-08,Qwen3-32B,Qwen3-1.7B,sliced_bell_pepper_and_lentil_stew,0,0,0,0,0.000000,0.000000
2025-08-26_18-57-21,Qwen3-32B,Qwen3-1.7B,sliced_bell_pepper_and_lentil_stew,0,0,0,0,0.000000,0.000000
2025-08-26_18-58-39,Qwen3-32B,Qwen3-1.7B,sliced_bell_pepper_and_lentil_stew,0,3,1,3,1.000000,0.000000
2025-08-26_19-19-20,Qwen3-32B,Qwen3-1.7B,sliced_bell_pepper_and_lentil_stew,5,3,19,44,0.250000,0.428571
2025-08-26_20-18-19,Qwen3-32B,Qwen3-1.7B,sliced_bell_pepper_and_lentil_stew,0,0,0,0,0.000000,0.000000
2025-08-27_00-53-41,Qwen3-32B,Qwen3-32B,sliced_eggplant_and_chickpea_stew,0,1,0,1,1.000000,0.000000
2025-08-27_01-46-28,Qwen3-32B,Qwen3-32B,sliced_eggplant_and_chickpea_stew,4,1,6,5,0.600000,0.250000
2025-08-27_02-38-26,Qwen3-32B,Qwen3-32B,sliced_eggplant_and_chickpea_stew,6,5,10,10,0.090909,0.700000
2025-08-27_03-15-51,Qwen3-32B,Qwen3-32B,sliced_eggplant_and_chickpea_stew,4,2,33,22,0.333333,0.400000
2025-08-27_04-11-10,Qwen3-32B,Qwen3-32B,sliced_eggplant_and_chickpea_stew,3,6,11,17,0.333333,0.750000
2025-08-27_04-58-55,Qwen3-32B,Qwen3-32B,sliced_eggplant_and_chickpea_stew,4,1,8,5,0.600000,0.250000
2025-08-27_05-33-41,Qwen3-32B,Qwen3-32B,sliced_eggplant_and_chickpea_stew,3,4,10,15,0.142857,0.666667
2025-08-27_06-09-27,Qwen3-32B,Qwen3-32B,sliced_eggplant_and_chickpea_stew,2,4,10,17,0.333333,0.200000
2025-08-27_06-33-24,Qwen3-32B,Qwen3-32B,sliced_eggplant_and_chickpea_stew,3,2,8,4,0.200000,0.500000
2025-08-27_06-56-49,Qwen3-32B,Qwen3-32B,sliced_eggplant_and_chickpea_stew,4,3,8,5,0.142857,0.333333
2025-08-26_15-45-57,Qwen3-32B,Qwen3-32B,sliced_pumpkin_and_chickpea_stew,6,5,10,8,0.090909,0.500000
2025-08-26_16-11-04,Qwen3-32B,Qwen3-32B,sliced_pumpkin_and_chickpea_stew,1,3,10,9,0.500000,0.666667
2025-08-26_16-44-06,Qwen3-32B,Qwen3-32B,sliced_pumpkin_and_chickpea_stew,2,1,4,4,0.333333,0.500000
2025-08-26_17-39-51,Qwen3-32B,Qwen3-32B,sliced_pumpkin_and_chickpea_stew,0,2,1,3,1.000000,0.000000
2025-08-26_17-50-50,Qwen3-32B,Qwen3-32B,sliced_pumpkin_and_chickpea_stew,4,3,14,8,0.142857,0.500000
2025-08-26_18-12-14,Qwen3-32B,Qwen3-32B,sliced_pumpkin_and_chickpea_stew,6,1,11,8,0.714286,0.166667
2025-08-26_18-28-55,Qwen3-32B,Qwen3-32B,sliced_pumpkin_and_chickpea_stew,3,1,3,3,0.500000,0.333333
2025-08-26_18-43-01,Qwen3-32B,Qwen3-32B,sliced_pumpkin_and_chickpea_stew,2,5,13,10,0.428571,0.333333
2025-08-26_19-24-41,Qwen3-32B,Qwen3-32B,sliced_pumpkin_and_chickpea_stew,5,2,10,15,0.428571,0.166667
2025-08-26_19-50-15,Qwen3-32B,Qwen3-32B,sliced_pumpkin_and_chickpea_stew,5,2,20,9,0.428571,0.500000
2025-08-26_21-00-52,Qwen3-32B,Qwen3-32B,sliced_zucchini_and_chickpea_stew,5,2,16,6,0.428571,0.500000
2025-08-26_21-37-36,Qwen3-32B,Qwen3-32B,sliced_zucchini_and_chickpea_stew,5,2,10,6,0.428571,0.500000
2025-08-26_22-12-21,Qwen3-32B,Qwen3-32B,sliced_zucchini_and_chickpea_stew,2,1,8,2,0.333333,0.500000
2025-08-26_22-59-17,Qwen3-32B,Qwen3-32B,sliced_zucchini_and_chickpea_stew,5,2,14,12,0.428571,0.500000
2025-08-26_23-33-43,Qwen3-32B,Qwen3-32B,sliced_zucchini_and_chickpea_stew,5,2,12,13,0.428571,0.333333
2025-08-27_00-06-23,Qwen3-32B,Qwen3-32B,sliced_zucchini_and_chickpea_stew,2,5,9,9,0.428571,0.166667
2025-08-27_00-38-29,Qwen3-32B,Qwen3-32B,sliced_zucchini_and_chickpea_stew,5,1,13,9,0.666667,0.200000
2025-08-27_01-02-15,Qwen3-32B,Qwen3-32B,sliced_zucchini_and_chickpea_stew,2,3,6,11,0.200000,0.750000
2025-08-27_01-41-08,Qwen3-32B,Qwen3-32B,sliced_zucchini_and_chickpea_stew,7,2,22,14,0.555556,0.375000
2025-08-26_15-45-56,Qwen3-32B,Qwen3-32B,sliced_bell_pepper_and_corn_stew,5,2,10,6,0.428571,0.333333
2025-08-26_16-06-20,Qwen3-32B,Qwen3-32B,sliced_bell_pepper_and_corn_stew,1,4,2,6,0.600000,0.500000
2025-08-26_16-12-11,Qwen3-32B,Qwen3-32B,sliced_bell_pepper_and_corn_stew,2,3,9,11,0.200000,0.500000
2025-08-26_16-31-44,Qwen3-32B,Qwen3-32B,sliced_bell_pepper_and_corn_stew,5,1,12,9,0.666667,0.200000
2025-08-26_16-55-44,Qwen3-32B,Qwen3-32B,sliced_bell_pepper_and_corn_stew,3,2,6,8,0.200000,0.500000
2025-08-26_17-20-23,Qwen3-32B,Qwen3-32B,sliced_bell_pepper_and_corn_stew,1,0,3,0,1.000000,0.000000
2025-08-26_17-31-02,Qwen3-32B,Qwen3-32B,sliced_bell_pepper_and_corn_stew,5,2,11,3,0.428571,0.500000
2025-08-26_18-02-20,Qwen3-32B,Qwen3-32B,sliced_bell_pepper_and_corn_stew,5,2,20,16,0.428571,0.500000
2025-08-26_19-00-11,Qwen3-32B,Qwen3-32B,sliced_bell_pepper_and_corn_stew,6,5,12,11,0.090909,0.500000
2025-08-26_19-21-57,Qwen3-32B,Qwen3-32B,sliced_bell_pepper_and_corn_stew,4,7,6,10,0.272727,0.500000
2025-08-26_19-43-34,Qwen3-32B,Qwen3-32B,sliced_bell_pepper_and_lentil_stew,4,7,13,7,0.272727,0.500000
2025-08-26_20-07-22,Qwen3-32B,Qwen3-32B,sliced_bell_pepper_and_lentil_stew,4,2,7,6,0.333333,0.400000
2025-08-26_20-55-16,Qwen3-32B,Qwen3-32B,sliced_bell_pepper_and_lentil_stew,5,4,15,12,0.111111,0.625000
2025-08-26_21-39-09,Qwen3-32B,Qwen3-32B,sliced_bell_pepper_and_lentil_stew,0,0,0,0,0.000000,0.000000
2025-08-26_21-41-11,Qwen3-32B,Qwen3-32B,sliced_bell_pepper_and_lentil_stew,2,5,13,12,0.428571,0.500000
2025-08-26_22-16-44,Qwen3-32B,Qwen3-32B,sliced_bell_pepper_and_lentil_stew,0,3,2,5,1.000000,0.000000
2025-08-26_22-32-10,Qwen3-32B,Qwen3-32B,sliced_bell_pepper_and_lentil_stew,0,3,1,3,1.000000,0.000000
2025-08-26_22-48-14,Qwen3-32B,Qwen3-32B,sliced_bell_pepper_and_lentil_stew,6,1,11,5,0.714286,0.166667
2025-08-26_23-48-01,Qwen3-32B,Qwen3-32B,sliced_bell_pepper_and_lentil_stew,0,0,0,0,0.000000,0.000000
2025-08-26_23-51-07,Qwen3-32B,Qwen3-32B,sliced_bell_pepper_and_lentil_stew,7,4,18,12,0.272727,0.600000
2025-08-26_15-45-58,Qwen3-32B,Qwen3-8B,sliced_eggplant_and_chickpea_stew,4,4,12,53,0.000000,0.714286
2025-08-26_16-09-20,Qwen3-32B,Qwen3-8B,sliced_eggplant_and_chickpea_stew,8,1,17,28,0.777778,0.125000
2025-08-26_16-51-07,Qwen3-32B,Qwen3-8B,sliced_eggplant_and_chickpea_stew,3,3,8,22,0.000000,0.600000
2025-08-26_17-03-48,Qwen3-32B,Qwen3-8B,sliced_eggplant_and_chickpea_stew,7,2,29,28,0.555556,0.375000
2025-08-26_18-04-36,Qwen3-32B,Qwen3-8B,sliced_eggplant_and_chickpea_stew,5,5,19,14,0.000000,0.555556
2025-08-26_18-28-00,Qwen3-32B,Qwen3-8B,sliced_eggplant_and_chickpea_stew,4,4,10,33,0.000000,0.714286
2025-08-26_19-11-55,Qwen3-32B,Qwen3-8B,sliced_eggplant_and_chickpea_stew,3,1,10,4,0.500000,0.333333
2025-08-26_19-22-11,Qwen3-32B,Qwen3-8B,sliced_eggplant_and_chickpea_stew,0,2,1,3,1.000000,0.000000
2025-08-26_19-29-14,Qwen3-32B,Qwen3-8B,sliced_eggplant_and_chickpea_stew,5,1,12,5,0.666667,0.200000
2025-08-26_19-41-21,Qwen3-32B,Qwen3-8B,sliced_eggplant_and_chickpea_stew,0,0,0,0,0.000000,0.000000
2025-08-26_19-44-21,Qwen3-32B,Qwen3-8B,sliced_pumpkin_and_chickpea_stew,3,4,6,10,0.142857,0.500000
2025-08-26_20-04-42,Qwen3-32B,Qwen3-8B,sliced_pumpkin_and_chickpea_stew,7,4,16,13,0.272727,0.500000
2025-08-26_20-26-05,Qwen3-32B,Qwen3-8B,sliced_pumpkin_and_chickpea_stew,8,3,19,7,0.454545,0.500000
2025-08-26_20-44-59,Qwen3-32B,Qwen3-8B,sliced_pumpkin_and_chickpea_stew,3,2,14,7,0.200000,0.500000
2025-08-26_21-02-54,Qwen3-32B,Qwen3-8B,sliced_pumpkin_and_chickpea_stew,3,2,9,18,0.200000,0.750000
2025-08-26_21-31-06,Qwen3-32B,Qwen3-8B,sliced_pumpkin_and_chickpea_stew,2,5,3,33,0.428571,0.333333
2025-08-26_22-19-55,Qwen3-32B,Qwen3-8B,sliced_pumpkin_and_chickpea_stew,5,2,10,6,0.428571,0.333333
2025-08-26_22-32-35,Qwen3-32B,Qwen3-8B,sliced_pumpkin_and_chickpea_stew,7,4,10,7,0.272727,0.700000
2025-08-26_22-57-27,Qwen3-32B,Qwen3-8B,sliced_pumpkin_and_chickpea_stew,5,4,22,13,0.111111,0.625000
2025-08-26_23-22-59,Qwen3-32B,Qwen3-8B,sliced_pumpkin_and_chickpea_stew,6,2,28,24,0.500000,0.428571
2025-08-27_00-08-45,Qwen3-32B,Qwen3-8B,sliced_zucchini_and_chickpea_stew,4,4,6,8,0.000000,0.714286
2025-08-27_00-39-22,Qwen3-32B,Qwen3-8B,sliced_zucchini_and_chickpea_stew,4,3,8,5,0.142857,0.666667
2025-08-27_01-07-41,Qwen3-32B,Qwen3-8B,sliced_zucchini_and_chickpea_stew,5,4,14,11,0.111111,0.625000
2025-08-27_01-28-35,Qwen3-32B,Qwen3-8B,sliced_zucchini_and_chickpea_stew,5,4,8,9,0.111111,0.625000
2025-08-27_02-00-38,Qwen3-32B,Qwen3-8B,sliced_zucchini_and_chickpea_stew,2,1,15,33,0.333333,0.500000
2025-08-27_02-32-16,Qwen3-32B,Qwen3-8B,sliced_zucchini_and_chickpea_stew,6,2,11,8,0.500000,0.428571
2025-08-27_02-52-40,Qwen3-32B,Qwen3-8B,sliced_zucchini_and_chickpea_stew,3,1,3,5,0.500000,0.333333
2025-08-27_03-00-59,Qwen3-32B,Qwen3-8B,sliced_zucchini_and_chickpea_stew,1,2,2,4,0.333333,1.000000
2025-08-27_03-20-46,Qwen3-32B,Qwen3-8B,sliced_zucchini_and_chickpea_stew,2,3,17,37,0.200000,0.500000
2025-08-26_15-49-53,Qwen3-32B,Qwen3-8B,sliced_bell_pepper_and_corn_stew,5,5,19,23,0.000000,0.555556
2025-08-26_16-28-00,Qwen3-32B,Qwen3-8B,sliced_bell_pepper_and_corn_stew,5,4,21,46,0.111111,0.375000
2025-08-26_17-16-17,Qwen3-32B,Qwen3-8B,sliced_bell_pepper_and_corn_stew,0,2,1,3,1.000000,0.000000
2025-08-26_17-18-43,Qwen3-32B,Qwen3-8B,sliced_bell_pepper_and_corn_stew,3,4,12,14,0.142857,0.666667
2025-08-26_17-32-58,Qwen3-32B,Qwen3-8B,sliced_bell_pepper_and_corn_stew,0,0,0,0,0.000000,0.000000
2025-08-26_17-34-58,Qwen3-32B,Qwen3-8B,sliced_bell_pepper_and_corn_stew,0,3,4,9,1.000000,0.000000
2025-08-26_17-41-27,Qwen3-32B,Qwen3-8B,sliced_bell_pepper_and_corn_stew,3,1,3,2,0.500000,0.333333
2025-08-26_17-45-12,Qwen3-32B,Qwen3-8B,sliced_bell_pepper_and_corn_stew,7,4,10,9,0.272727,0.500000
2025-08-26_17-53-48,Qwen3-32B,Qwen3-8B,sliced_bell_pepper_and_corn_stew,7,4,15,12,0.272727,0.500000
2025-08-26_18-16-42,Qwen3-32B,Qwen3-8B,sliced_bell_pepper_and_corn_stew,2,2,8,4,0.000000,0.666667
2025-08-26_18-24-44,Qwen3-32B,Qwen3-8B,sliced_bell_pepper_and_lentil_stew,6,2,9,41,0.500000,0.428571
2025-08-26_19-46-01,Qwen3-32B,Qwen3-8B,sliced_bell_pepper_and_lentil_stew,7,3,13,20,0.400000,0.333333
2025-08-26_20-33-33,Qwen3-32B,Qwen3-8B,sliced_bell_pepper_and_lentil_stew,5,6,11,38,0.090909,0.500000
2025-08-26_21-33-48,Qwen3-32B,Qwen3-8B,sliced_bell_pepper_and_lentil_stew,6,5,15,12,0.090909,0.700000
2025-08-26_22-05-20,Qwen3-32B,Qwen3-8B,sliced_bell_pepper_and_lentil_stew,5,6,13,8,0.090909,0.700000
2025-08-26_22-33-09,Qwen3-32B,Qwen3-8B,sliced_bell_pepper_and_lentil_stew,1,0,5,0,1.000000,0.000000
2025-08-26_22-34-50,Qwen3-32B,Qwen3-8B,sliced_bell_pepper_and_lentil_stew,3,4,15,10,0.142857,0.333333
2025-08-26_23-06-27,Qwen3-32B,Qwen3-8B,sliced_bell_pepper_and_lentil_stew,3,6,24,30,0.333333,0.375000
2025-08-26_23-57-02,Qwen3-32B,Qwen3-8B,sliced_bell_pepper_and_lentil_stew,5,2,16,18,0.428571,0.500000
2025-08-27_00-46-11,Qwen3-32B,Qwen3-8B,sliced_bell_pepper_and_lentil_stew,1,3,2,19,0.500000,0.666667
2025-08-27_01-12-52,Qwen3-8B,Qwen3-14B,sliced_eggplant_and_chickpea_stew,3,4,16,24,0.142857,0.500000
2025-08-27_01-53-05,Qwen3-8B,Qwen3-14B,sliced_eggplant_and_chickpea_stew,2,3,4,10,0.200000,1.000000
2025-08-27_02-01-41,Qwen3-8B,Qwen3-14B,sliced_eggplant_and_chickpea_stew,7,4,15,15,0.272727,0.700000
2025-08-27_02-28-23,Qwen3-8B,Qwen3-14B,sliced_eggplant_and_chickpea_stew,1,0,15,0,1.000000,0.000000
2025-08-27_02-39-40,Qwen3-8B,Qwen3-14B,sliced_eggplant_and_chickpea_stew,4,7,10,16,0.272727,0.500000
2025-08-27_02-58-40,Qwen3-8B,Qwen3-14B,sliced_eggplant_and_chickpea_stew,1,1,5,3,0.000000,1.000000
2025-08-27_03-11-58,Qwen3-8B,Qwen3-14B,sliced_eggplant_and_chickpea_stew,1,2,73,15,0.333333,1.000000
2025-08-27_03-50-40,Qwen3-8B,Qwen3-14B,sliced_eggplant_and_chickpea_stew,1,2,34,8,0.333333,1.000000
2025-08-27_04-10-36,Qwen3-8B,Qwen3-14B,sliced_eggplant_and_chickpea_stew,6,5,17,15,0.090909,0.700000
2025-08-27_04-34-56,Qwen3-8B,Qwen3-14B,sliced_eggplant_and_chickpea_stew,0,0,0,0,0.000000,0.000000
2025-08-26_15-45-58,Qwen3-8B,Qwen3-14B,sliced_pumpkin_and_chickpea_stew,6,5,25,30,0.090909,0.500000
2025-08-26_16-26-51,Qwen3-8B,Qwen3-14B,sliced_pumpkin_and_chickpea_stew,1,6,16,27,0.714286,0.333333
2025-08-26_17-01-16,Qwen3-8B,Qwen3-14B,sliced_pumpkin_and_chickpea_stew,1,4,18,16,0.600000,0.500000
2025-08-26_17-22-04,Qwen3-8B,Qwen3-14B,sliced_pumpkin_and_chickpea_stew,1,4,24,12,0.600000,0.500000
2025-08-26_18-12-30,Qwen3-8B,Qwen3-14B,sliced_pumpkin_and_chickpea_stew,7,4,48,12,0.272727,0.700000
2025-08-26_18-50-33,Qwen3-8B,Qwen3-14B,sliced_pumpkin_and_chickpea_stew,3,4,4,9,0.142857,0.500000
2025-08-26_19-14-08,Qwen3-8B,Qwen3-14B,sliced_pumpkin_and_chickpea_stew,0,2,1,3,1.000000,0.000000
2025-08-26_19-17-12,Qwen3-8B,Qwen3-14B,sliced_pumpkin_and_chickpea_stew,8,3,32,17,0.454545,0.500000
2025-08-26_19-54-30,Qwen3-8B,Qwen3-14B,sliced_pumpkin_and_chickpea_stew,1,1,1,1,0.000000,1.000000
2025-08-26_19-57-25,Qwen3-8B,Qwen3-14B,sliced_zucchini_and_chickpea_stew,8,3,17,11,0.454545,0.500000
2025-08-26_20-19-19,Qwen3-8B,Qwen3-14B,sliced_zucchini_and_chickpea_stew,1,2,79,17,0.333333,1.000000
2025-08-26_21-03-09,Qwen3-8B,Qwen3-14B,sliced_zucchini_and_chickpea_stew,5,2,47,21,0.428571,0.500000
2025-08-26_21-38-23,Qwen3-8B,Qwen3-14B,sliced_zucchini_and_chickpea_stew,0,0,0,0,0.000000,0.000000
2025-08-26_21-40-12,Qwen3-8B,Qwen3-14B,sliced_zucchini_and_chickpea_stew,1,0,7,0,1.000000,0.000000
2025-08-26_21-48-02,Qwen3-8B,Qwen3-14B,sliced_zucchini_and_chickpea_stew,2,5,16,23,0.428571,0.666667
2025-08-26_22-23-36,Qwen3-8B,Qwen3-14B,sliced_zucchini_and_chickpea_stew,6,3,22,13,0.333333,0.500000
2025-08-26_23-14-06,Qwen3-8B,Qwen3-14B,sliced_zucchini_and_chickpea_stew,0,0,0,0,0.000000,0.000000
2025-08-26_23-16-14,Qwen3-8B,Qwen3-14B,sliced_zucchini_and_chickpea_stew,5,2,11,13,0.428571,0.500000
2025-08-26_23-29-39,Qwen3-8B,Qwen3-14B,sliced_zucchini_and_chickpea_stew,4,2,8,10,0.333333,0.400000
2025-08-26_15-45-56,Qwen3-8B,Qwen3-14B,sliced_bell_pepper_and_corn_stew,1,2,13,9,0.333333,1.000000
2025-08-26_16-02-31,Qwen3-8B,Qwen3-14B,sliced_bell_pepper_and_corn_stew,1,1,1,3,0.000000,1.000000
2025-08-26_16-05-46,Qwen3-8B,Qwen3-14B,sliced_bell_pepper_and_corn_stew,1,6,7,11,0.714286,0.333333
2025-08-26_16-27-35,Qwen3-8B,Qwen3-14B,sliced_bell_pepper_and_corn_stew,1,3,11,6,0.500000,0.666667
2025-08-26_16-37-55,Qwen3-8B,Qwen3-14B,sliced_bell_pepper_and_corn_stew,5,2,23,10,0.428571,0.500000
2025-08-26_16-55-47,Qwen3-8B,Qwen3-14B,sliced_bell_pepper_and_corn_stew,6,3,27,30,0.333333,0.375000
2025-08-26_17-38-33,Qwen3-8B,Qwen3-14B,sliced_bell_pepper_and_corn_stew,2,6,8,11,0.500000,0.571429
2025-08-26_17-50-52,Qwen3-8B,Qwen3-14B,sliced_bell_pepper_and_corn_stew,4,5,48,18,0.111111,0.625000
2025-08-26_18-32-56,Qwen3-8B,Qwen3-14B,sliced_bell_pepper_and_corn_stew,0,2,1,3,1.000000,0.000000
2025-08-26_18-36-58,Qwen3-8B,Qwen3-14B,sliced_bell_pepper_and_corn_stew,0,4,3,6,1.000000,0.000000
2025-08-26_18-45-09,Qwen3-8B,Qwen3-14B,sliced_bell_pepper_and_lentil_stew,7,4,14,15,0.272727,0.400000
2025-08-26_19-31-26,Qwen3-8B,Qwen3-14B,sliced_bell_pepper_and_lentil_stew,3,2,14,8,0.200000,0.750000
2025-08-26_19-51-54,Qwen3-8B,Qwen3-14B,sliced_bell_pepper_and_lentil_stew,3,4,7,8,0.142857,0.500000
2025-08-26_20-54-47,Qwen3-8B,Qwen3-14B,sliced_bell_pepper_and_lentil_stew,7,4,17,8,0.272727,0.800000
2025-08-26_21-26-46,Qwen3-8B,Qwen3-14B,sliced_bell_pepper_and_lentil_stew,6,2,27,12,0.500000,0.571429
2025-08-26_22-19-54,Qwen3-8B,Qwen3-14B,sliced_bell_pepper_and_lentil_stew,0,2,3,5,1.000000,0.000000
2025-08-26_22-29-34,Qwen3-8B,Qwen3-14B,sliced_bell_pepper_and_lentil_stew,5,2,32,20,0.428571,0.500000
2025-08-26_22-58-13,Qwen3-8B,Qwen3-14B,sliced_bell_pepper_and_lentil_stew,4,1,71,12,0.600000,0.500000
2025-08-26_23-52-58,Qwen3-8B,Qwen3-14B,sliced_bell_pepper_and_lentil_stew,3,6,35,16,0.333333,0.375000
2025-08-27_00-47-34,Qwen3-8B,Qwen3-14B,sliced_bell_pepper_and_lentil_stew,2,3,8,6,0.200000,0.500000
2025-08-26_15-45-58,Qwen3-8B,Qwen3-1.7B,sliced_eggplant_and_chickpea_stew,1,1,7,3,0.000000,1.000000
2025-08-26_16-35-23,Qwen3-8B,Qwen3-1.7B,sliced_eggplant_and_chickpea_stew,0,0,0,0,0.000000,0.000000
2025-08-26_16-36-42,Qwen3-8B,Qwen3-1.7B,sliced_eggplant_and_chickpea_stew,0,1,0,1,1.000000,0.000000
2025-08-26_17-41-55,Qwen3-8B,Qwen3-1.7B,sliced_eggplant_and_chickpea_stew,2,1,10,9,0.333333,0.500000
2025-08-26_18-31-23,Qwen3-8B,Qwen3-1.7B,sliced_eggplant_and_chickpea_stew,0,3,14,8,1.000000,0.000000
2025-08-26_19-15-24,Qwen3-8B,Qwen3-1.7B,sliced_eggplant_and_chickpea_stew,0,2,2,2,1.000000,0.000000
2025-08-26_19-19-41,Qwen3-8B,Qwen3-1.7B,sliced_eggplant_and_chickpea_stew,0,0,0,0,0.000000,0.000000
2025-08-26_19-20-49,Qwen3-8B,Qwen3-1.7B,sliced_eggplant_and_chickpea_stew,1,1,50,5,0.000000,1.000000
2025-08-26_19-45-59,Qwen3-8B,Qwen3-1.7B,sliced_eggplant_and_chickpea_stew,0,1,24,2,1.000000,0.000000
2025-08-26_20-35-43,Qwen3-8B,Qwen3-1.7B,sliced_eggplant_and_chickpea_stew,1,1,1,1,0.000000,1.000000
2025-08-26_20-37-18,Qwen3-8B,Qwen3-1.7B,sliced_pumpkin_and_chickpea_stew,2,1,10,5,0.333333,0.500000
2025-08-26_21-28-37,Qwen3-8B,Qwen3-1.7B,sliced_pumpkin_and_chickpea_stew,1,1,3,6,0.000000,1.000000
2025-08-26_21-32-22,Qwen3-8B,Qwen3-1.7B,sliced_pumpkin_and_chickpea_stew,1,1,95,5,0.000000,1.000000
2025-08-26_21-38-11,Qwen3-8B,Qwen3-1.7B,sliced_pumpkin_and_chickpea_stew,2,2,16,7,0.000000,0.666667
2025-08-26_22-12-21,Qwen3-8B,Qwen3-1.7B,sliced_pumpkin_and_chickpea_stew,1,2,5,4,0.333333,1.000000
2025-08-26_22-18-42,Qwen3-8B,Qwen3-1.7B,sliced_pumpkin_and_chickpea_stew,1,1,3,3,0.000000,1.000000
2025-08-26_22-58-55,Qwen3-8B,Qwen3-1.7B,sliced_pumpkin_and_chickpea_stew,1,1,3,3,0.000000,1.000000
2025-08-26_23-01-13,Qwen3-8B,Qwen3-1.7B,sliced_pumpkin_and_chickpea_stew,0,0,0,0,0.000000,0.000000
2025-08-26_23-02-07,Qwen3-8B,Qwen3-1.7B,sliced_pumpkin_and_chickpea_stew,0,0,0,0,0.000000,0.000000
2025-08-26_23-03-17,Qwen3-8B,Qwen3-1.7B,sliced_pumpkin_and_chickpea_stew,1,1,1,1,0.000000,1.000000
2025-08-26_23-29-11,Qwen3-8B,Qwen3-1.7B,sliced_zucchini_and_chickpea_stew,1,1,1,1,0.000000,1.000000
2025-08-26_23-40-23,Qwen3-8B,Qwen3-1.7B,sliced_zucchini_and_chickpea_stew,1,1,84,7,0.000000,1.000000
2025-08-26_23-47-11,Qwen3-8B,Qwen3-1.7B,sliced_zucchini_and_chickpea_stew,1,1,87,5,0.000000,1.000000
2025-08-27_00-27-44,Qwen3-8B,Qwen3-1.7B,sliced_zucchini_and_chickpea_stew,1,1,12,5,0.000000,1.000000
2025-08-27_01-02-31,Qwen3-8B,Qwen3-1.7B,sliced_zucchini_and_chickpea_stew,0,0,0,0,0.000000,0.000000
2025-08-27_01-03-48,Qwen3-8B,Qwen3-1.7B,sliced_zucchini_and_chickpea_stew,7,2,16,14,0.555556,0.375000
2025-08-27_01-44-16,Qwen3-8B,Qwen3-1.7B,sliced_zucchini_and_chickpea_stew,1,1,51,5,0.000000,1.000000
2025-08-27_02-31-37,Qwen3-8B,Qwen3-1.7B,sliced_zucchini_and_chickpea_stew,1,2,9,54,0.333333,1.000000
2025-08-27_03-08-18,Qwen3-8B,Qwen3-1.7B,sliced_zucchini_and_chickpea_stew,0,2,43,4,1.000000,0.000000
2025-08-27_03-43-20,Qwen3-8B,Qwen3-1.7B,sliced_zucchini_and_chickpea_stew,3,1,16,35,0.500000,0.333333
2025-08-26_15-48-05,Qwen3-8B,Qwen3-1.7B,sliced_bell_pepper_and_corn_stew,4,4,15,10,0.000000,0.571429
2025-08-26_16-14-37,Qwen3-8B,Qwen3-1.7B,sliced_bell_pepper_and_corn_stew,2,1,4,6,0.333333,0.500000
2025-08-26_16-21-31,Qwen3-8B,Qwen3-1.7B,sliced_bell_pepper_and_corn_stew,2,1,7,6,0.333333,0.500000
2025-08-26_16-48-58,Qwen3-8B,Qwen3-1.7B,sliced_bell_pepper_and_corn_stew,1,3,16,8,0.500000,0.666667
2025-08-26_17-35-29,Qwen3-8B,Qwen3-1.7B,sliced_bell_pepper_and_corn_stew,0,1,0,3,1.000000,0.000000
2025-08-26_18-33-55,Qwen3-8B,Qwen3-1.7B,sliced_bell_pepper_and_corn_stew,1,1,1,3,0.000000,1.000000
2025-08-26_18-41-41,Qwen3-8B,Qwen3-1.7B,sliced_bell_pepper_and_corn_stew,2,2,6,6,0.000000,1.000000
2025-08-26_19-18-49,Qwen3-8B,Qwen3-1.7B,sliced_bell_pepper_and_corn_stew,0,1,0,1,1.000000,0.000000
2025-08-26_20-24-14,Qwen3-8B,Qwen3-1.7B,sliced_bell_pepper_and_corn_stew,1,1,2,4,0.000000,1.000000
2025-08-26_21-15-32,Qwen3-8B,Qwen3-1.7B,sliced_bell_pepper_and_corn_stew,1,2,4,3,0.333333,0.500000
2025-08-26_22-11-40,Qwen3-8B,Qwen3-1.7B,sliced_bell_pepper_and_lentil_stew,1,1,3,3,0.000000,1.000000
2025-08-26_22-39-19,Qwen3-8B,Qwen3-1.7B,sliced_bell_pepper_and_lentil_stew,0,0,0,0,0.000000,0.000000
2025-08-26_22-40-24,Qwen3-8B,Qwen3-1.7B,sliced_bell_pepper_and_lentil_stew,1,1,16,6,0.000000,1.000000
2025-08-26_23-21-26,Qwen3-8B,Qwen3-1.7B,sliced_bell_pepper_and_lentil_stew,0,1,41,3,1.000000,0.000000
2025-08-26_23-30-46,Qwen3-8B,Qwen3-1.7B,sliced_bell_pepper_and_lentil_stew,3,1,22,12,0.500000,0.333333
2025-08-27_00-07-27,Qwen3-8B,Qwen3-1.7B,sliced_bell_pepper_and_lentil_stew,0,2,2,2,1.000000,0.000000
2025-08-27_00-09-37,Qwen3-8B,Qwen3-1.7B,sliced_bell_pepper_and_lentil_stew,2,2,14,5,0.000000,0.666667
2025-08-27_01-05-20,Qwen3-8B,Qwen3-1.7B,sliced_bell_pepper_and_lentil_stew,1,1,3,4,0.000000,1.000000
2025-08-27_01-50-19,Qwen3-8B,Qwen3-1.7B,sliced_bell_pepper_and_lentil_stew,2,1,45,13,0.333333,0.500000
2025-08-27_02-19-41,Qwen3-8B,Qwen3-1.7B,sliced_bell_pepper_and_lentil_stew,2,1,4,7,0.333333,0.500000
2025-08-26_21-44-32,Qwen3-8B,Qwen3-32B,sliced_eggplant_and_chickpea_stew,4,5,12,16,0.111111,0.625000
2025-08-26_22-15-47,Qwen3-8B,Qwen3-32B,sliced_eggplant_and_chickpea_stew,1,2,26,7,0.333333,1.000000
2025-08-26_22-44-18,Qwen3-8B,Qwen3-32B,sliced_eggplant_and_chickpea_stew,2,7,19,12,0.555556,0.500000
2025-08-26_23-16-42,Qwen3-8B,Qwen3-32B,sliced_eggplant_and_chickpea_stew,1,0,7,0,1.000000,0.000000
2025-08-26_23-24-34,Qwen3-8B,Qwen3-32B,sliced_eggplant_and_chickpea_stew,2,5,5,12,0.428571,0.333333
2025-08-27_00-13-28,Qwen3-8B,Qwen3-32B,sliced_eggplant_and_chickpea_stew,1,6,16,24,0.714286,0.166667
2025-08-27_00-54-23,Qwen3-8B,Qwen3-32B,sliced_eggplant_and_chickpea_stew,5,5,30,11,0.000000,0.777778
2025-08-27_01-18-31,Qwen3-8B,Qwen3-32B,sliced_eggplant_and_chickpea_stew,1,2,46,10,0.333333,1.000000
2025-08-27_01-56-51,Qwen3-8B,Qwen3-32B,sliced_eggplant_and_chickpea_stew,3,2,8,3,0.200000,0.750000
2025-08-27_02-09-22,Qwen3-8B,Qwen3-32B,sliced_eggplant_and_chickpea_stew,0,2,1,3,1.000000,0.000000
2025-08-27_02-43-45,Qwen3-8B,Qwen3-32B,sliced_pumpkin_and_chickpea_stew,1,3,22,20,0.500000,0.666667
2025-08-27_03-14-50,Qwen3-8B,Qwen3-32B,sliced_pumpkin_and_chickpea_stew,2,7,39,26,0.555556,0.375000
2025-08-27_03-58-38,Qwen3-8B,Qwen3-32B,sliced_pumpkin_and_chickpea_stew,4,3,14,19,0.142857,0.500000
2025-08-27_04-46-52,Qwen3-8B,Qwen3-32B,sliced_pumpkin_and_chickpea_stew,5,2,14,10,0.428571,0.500000
2025-08-27_05-00-46,Qwen3-8B,Qwen3-32B,sliced_pumpkin_and_chickpea_stew,5,2,15,9,0.428571,0.500000
2025-08-27_05-28-21,Qwen3-8B,Qwen3-32B,sliced_pumpkin_and_chickpea_stew,5,5,7,10,0.000000,0.555556
2025-08-27_05-47-19,Qwen3-8B,Qwen3-32B,sliced_pumpkin_and_chickpea_stew,3,4,23,18,0.142857,0.333333
2025-08-27_06-39-19,Qwen3-8B,Qwen3-32B,sliced_pumpkin_and_chickpea_stew,2,6,10,75,0.500000,0.428571
2025-08-27_07-00-17,Qwen3-8B,Qwen3-32B,sliced_pumpkin_and_chickpea_stew,5,2,15,6,0.428571,0.500000
2025-08-27_07-28-32,Qwen3-8B,Qwen3-32B,sliced_pumpkin_and_chickpea_stew,3,4,10,13,0.142857,0.833333
2025-08-26_15-45-58,Qwen3-8B,Qwen3-32B,sliced_zucchini_and_chickpea_stew,1,2,5,3,0.333333,1.000000
2025-08-26_16-04-05,Qwen3-8B,Qwen3-32B,sliced_zucchini_and_chickpea_stew,2,3,6,10,0.200000,0.250000
2025-08-26_16-48-57,Qwen3-8B,Qwen3-32B,sliced_zucchini_and_chickpea_stew,3,4,27,11,0.142857,0.666667
2025-08-26_17-33-27,Qwen3-8B,Qwen3-32B,sliced_zucchini_and_chickpea_stew,1,4,7,14,0.600000,0.500000
2025-08-26_17-46-34,Qwen3-8B,Qwen3-32B,sliced_zucchini_and_chickpea_stew,2,4,31,21,0.333333,0.600000
2025-08-26_18-35-56,Qwen3-8B,Qwen3-32B,sliced_zucchini_and_chickpea_stew,1,2,17,8,0.333333,1.000000
2025-08-26_19-10-58,Qwen3-8B,Qwen3-32B,sliced_zucchini_and_chickpea_stew,1,4,17,8,0.600000,0.500000
2025-08-26_19-23-58,Qwen3-8B,Qwen3-32B,sliced_zucchini_and_chickpea_stew,6,4,15,9,0.200000,0.555556
2025-08-26_19-52-13,Qwen3-8B,Qwen3-32B,sliced_zucchini_and_chickpea_stew,0,0,0,0,0.000000,0.000000
2025-08-26_19-58-23,Qwen3-8B,Qwen3-32B,sliced_zucchini_and_chickpea_stew,2,1,20,4,0.333333,1.000000
2025-08-26_23-36-36,Qwen3-8B,Qwen3-32B,sliced_bell_pepper_and_corn_stew,5,2,21,7,0.428571,0.500000
2025-08-27_00-03-24,Qwen3-8B,Qwen3-32B,sliced_bell_pepper_and_corn_stew,7,2,49,17,0.555556,0.375000
2025-08-27_00-58-02,Qwen3-8B,Qwen3-32B,sliced_bell_pepper_and_corn_stew,5,6,9,16,0.090909,0.500000
2025-08-27_01-16-07,Qwen3-8B,Qwen3-32B,sliced_bell_pepper_and_corn_stew,4,6,8,11,0.200000,0.555556
2025-08-27_01-41-50,Qwen3-8B,Qwen3-32B,sliced_bell_pepper_and_corn_stew,1,2,7,5,0.333333,1.000000
2025-08-27_01-52-22,Qwen3-8B,Qwen3-32B,sliced_bell_pepper_and_corn_stew,2,5,12,24,0.428571,0.666667
2025-08-27_02-22-05,Qwen3-8B,Qwen3-32B,sliced_bell_pepper_and_corn_stew,4,7,29,26,0.272727,0.700000
2025-08-27_03-07-01,Qwen3-8B,Qwen3-32B,sliced_bell_pepper_and_corn_stew,4,1,22,4,0.600000,0.250000
2025-08-27_03-35-12,Qwen3-8B,Qwen3-32B,sliced_bell_pepper_and_corn_stew,1,6,12,16,0.714286,0.333333
2025-08-27_04-11-35,Qwen3-8B,Qwen3-32B,sliced_bell_pepper_and_corn_stew,2,4,26,30,0.333333,0.600000
2025-08-26_16-00-22,Qwen3-8B,Qwen3-32B,sliced_bell_pepper_and_lentil_stew,7,4,13,7,0.272727,0.400000
2025-08-26_16-22-51,Qwen3-8B,Qwen3-32B,sliced_bell_pepper_and_lentil_stew,4,3,53,15,0.142857,0.500000
2025-08-26_17-16-44,Qwen3-8B,Qwen3-32B,sliced_bell_pepper_and_lentil_stew,0,0,0,0,0.000000,0.000000
2025-08-26_17-19-47,Qwen3-8B,Qwen3-32B,sliced_bell_pepper_and_lentil_stew,3,6,15,14,0.333333,0.750000
2025-08-26_17-57-56,Qwen3-8B,Qwen3-32B,sliced_bell_pepper_and_lentil_stew,2,3,6,10,0.200000,0.750000
2025-08-26_18-14-08,Qwen3-8B,Qwen3-32B,sliced_bell_pepper_and_lentil_stew,6,3,49,7,0.333333,0.250000
2025-08-26_19-31-42,Qwen3-8B,Qwen3-32B,sliced_bell_pepper_and_lentil_stew,3,6,19,24,0.333333,0.625000
2025-08-26_20-31-03,Qwen3-8B,Qwen3-32B,sliced_bell_pepper_and_lentil_stew,5,4,24,22,0.111111,0.750000
2025-08-26_21-26-38,Qwen3-8B,Qwen3-32B,sliced_bell_pepper_and_lentil_stew,2,5,9,9,0.428571,0.166667
2025-08-26_22-47-56,Qwen3-8B,Qwen3-8B,sliced_eggplant_and_chickpea_stew,0,2,2,10,1.000000,0.000000
2025-08-26_22-54-05,Qwen3-8B,Qwen3-8B,sliced_eggplant_and_chickpea_stew,3,3,30,8,0.000000,0.800000
2025-08-26_23-08-05,Qwen3-8B,Qwen3-8B,sliced_eggplant_and_chickpea_stew,1,2,58,26,0.333333,1.000000
2025-08-26_23-41-50,Qwen3-8B,Qwen3-8B,sliced_eggplant_and_chickpea_stew,0,0,0,0,0.000000,0.000000
2025-08-26_23-43-56,Qwen3-8B,Qwen3-8B,sliced_eggplant_and_chickpea_stew,3,7,33,21,0.400000,0.555556
2025-08-27_00-10-44,Qwen3-8B,Qwen3-8B,sliced_eggplant_and_chickpea_stew,3,5,20,33,0.250000,0.714286
2025-08-27_00-46-46,Qwen3-8B,Qwen3-8B,sliced_eggplant_and_chickpea_stew,7,2,55,17,0.555556,0.375000
2025-08-27_01-13-05,Qwen3-8B,Qwen3-8B,sliced_eggplant_and_chickpea_stew,5,3,27,40,0.250000,0.428571
2025-08-27_01-47-49,Qwen3-8B,Qwen3-8B,sliced_eggplant_and_chickpea_stew,6,3,32,52,0.333333,0.500000
2025-08-27_02-20-53,Qwen3-8B,Qwen3-8B,sliced_eggplant_and_chickpea_stew,1,0,7,0,1.000000,0.000000
2025-08-26_15-45-58,Qwen3-8B,Qwen3-8B,sliced_pumpkin_and_chickpea_stew,3,2,77,14,0.200000,0.750000
2025-08-26_16-24-30,Qwen3-8B,Qwen3-8B,sliced_pumpkin_and_chickpea_stew,1,3,3,28,0.500000,0.666667
2025-08-26_16-34-34,Qwen3-8B,Qwen3-8B,sliced_pumpkin_and_chickpea_stew,3,3,42,30,0.000000,0.800000
2025-08-26_17-10-22,Qwen3-8B,Qwen3-8B,sliced_pumpkin_and_chickpea_stew,2,3,8,11,0.200000,0.750000
2025-08-26_17-22-28,Qwen3-8B,Qwen3-8B,sliced_pumpkin_and_chickpea_stew,4,5,31,10,0.111111,0.750000
2025-08-26_17-39-13,Qwen3-8B,Qwen3-8B,sliced_pumpkin_and_chickpea_stew,0,0,0,0,0.000000,0.000000
2025-08-26_17-39-58,Qwen3-8B,Qwen3-8B,sliced_pumpkin_and_chickpea_stew,2,5,7,18,0.428571,0.500000
2025-08-26_17-54-00,Qwen3-8B,Qwen3-8B,sliced_pumpkin_and_chickpea_stew,1,2,26,80,0.333333,1.000000
2025-08-26_18-20-07,Qwen3-8B,Qwen3-8B,sliced_pumpkin_and_chickpea_stew,4,4,19,33,0.000000,0.857143
2025-08-26_18-46-36,Qwen3-8B,Qwen3-8B,sliced_pumpkin_and_chickpea_stew,4,3,12,8,0.142857,0.500000
2025-08-26_18-59-51,Qwen3-8B,Qwen3-8B,sliced_zucchini_and_chickpea_stew,3,5,38,14,0.250000,0.571429
2025-08-26_19-37-43,Qwen3-8B,Qwen3-8B,sliced_zucchini_and_chickpea_stew,2,3,11,52,0.200000,0.500000
2025-08-26_20-14-55,Qwen3-8B,Qwen3-8B,sliced_zucchini_and_chickpea_stew,4,1,12,14,0.600000,0.250000
2025-08-26_20-28-04,Qwen3-8B,Qwen3-8B,sliced_zucchini_and_chickpea_stew,1,0,7,0,1.000000,0.000000
2025-08-26_20-34-00,Qwen3-8B,Qwen3-8B,sliced_zucchini_and_chickpea_stew,1,1,1,1,0.000000,1.000000
2025-08-26_20-37-41,Qwen3-8B,Qwen3-8B,sliced_zucchini_and_chickpea_stew,5,2,35,12,0.428571,0.500000

